date,rbd_p_ppm,acid_dosing_pct,bleaching_earth_dosing_pct,feed_ffa_pct,feed_mi_pct,feed_iv,feed_dobi,feed_car_pv,feed_p_ppm,log_feed_ffa_pct,log_feed_p_ppm,time_trend,missing_transition_phase,month_2,month_3,month_4,month_5,month_6,month_7,month_8,month_9,month_10,month_11,month_12,feed_tank_NT1/NT2,feed_tank_NT1/NT3,feed_tank_NT2,feed_tank_NT2/NT3,feed_tank_NT2/TK3,feed_tank_NT3,feed_tank_NT3/NT1,feed_tank_NT3/NT1/NT2,feed_tank_NT3/TK3,feed_tank_TK3,feed_tank_TK3/NT1,feed_tank_TK3/NT1/TK4,feed_tank_TK3/NT2,feed_tank_TK3/NT2/TK3,feed_tank_TK3/NT2/TK3/NT3,feed_tank_TK3/NT3,feed_tank_TK3/NT3/TK3,feed_tank_TK3/TK4,feed_tank_TK4,feed_tank_TK4/TK3,feed_tank_TK4/TK6,feed_type_CPO
2025-01-01,1.3,0.065,1.12,4.4,0.24750000000000003,52.0,2.13,442.0,28.5,1.6863989535702288,3.3843902633457743,1,0,0,0,0,0,0,0,0,0,0,0,0,0,0,0,0,0,0,0,0,0,1,0,0,0,0,0,0,0,0,0,0,0,1
2025-01-02,1.3,0.065,1.12,4.4,0.24750000000000003,52.0,2.13,442.0,28.5,1.6863989535702288,3.3843902633457743,2,0,0,0,0,0,0,0,0,0,0,0,0,0,0,0,0,0,0,0,0,0,1,0,0,0,0,0,0,0,0,0,0,0,1
2025-01-03,1.3,0.065,1.12,4.4,0.24750000000000003,52.0,2.13,442.0,28.5,1.6863989535702288,3.3843902633457743,3,0,0,0,0,0,0,0,0,0,0,0,0,0,0,0,0,0,0,0,0,0,1,0,0,0,0,0,0,0,0,0,0,0,1
2025-01-04,1.3,0.065,1.12,3.92,0.24750000000000003,52.34,2.14,442.0,28.5,1.5933085305042167,3.3843902633457743,4,0,0,0,0,0,0,0,0,0,0,0,0,0,0,0,0,0,0,0,0,0,1,0,0,0,0,0,0,0,0,0,0,0,1
2025-01-05,1.8,0.065,1.0,3.925,0.21,52.33,2.215,457.0,27.7,1.5943242746240522,3.3568971227655755,5,0,0,0,0,0,0,0,0,0,0,0,0,0,0,0,0,0,0,0,0,0,1,0,0,0,0,0,0,0,0,0,0,0,1
2025-01-06,1.5,0.065,1.05,4.1850000000000005,0.215,52.015,2.25,442.0,32.6,1.6457698416814908,3.5145260669691587,6,0,0,0,0,0,0,0,0,0,0,0,0,0,0,0,0,0,0,0,0,0,1,0,0,0,0,0,0,0,0,0,0,0,1
2025-01-07,2.1,0.065,1.2,4.234999999999999,0.235,52.175,2.29,455.0,30.7,1.6553668443225,3.456316680883235,7,0,0,0,0,0,0,0,0,0,0,0,0,0,0,0,0,0,0,0,0,0,1,0,0,0,0,0,0,0,0,0,0,0,1
2025-01-08,2.0,0.065,1.2,4.265000000000001,0.205,52.195,2.275,463.0,31.7,1.661081145585939,3.4873750779032076,8,0,0,0,0,0,0,0,0,0,0,0,0,0,0,0,0,0,0,0,0,0,1,0,0,0,0,0,0,0,0,0,0,0,1
2025-01-09,2.1,0.067,1.2,4.1850000000000005,0.2,52.11,2.23,448.0,28.6,1.6457698416814908,3.3877743613300146,9,0,0,0,0,0,0,0,0,0,0,0,0,0,0,0,0,0,0,0,0,0,1,0,0,0,0,0,0,0,0,0,0,0,1
2025-01-10,2.4,0.065,1.2,4.245,0.205,52.215,2.26,459.0,27.1,1.6572752418482606,3.3357695763397,10,0,0,0,0,0,0,0,0,0,0,0,0,0,0,0,0,0,0,0,0,0,1,0,0,0,0,0,0,0,0,0,0,0,1
2025-01-11,2.3,0.065,1.18,4.065,0.21,52.375,2.29,464.5,28.7,1.6223541377006467,3.391147045808654,11,0,0,0,0,0,0,0,0,0,0,0,0,0,0,0,0,0,0,0,0,0,1,0,0,0,0,0,0,0,0,0,0,0,1
2025-01-12,2.6,0.065,1.2,4.035,0.2,52.14,2.25,451.5,29.3,1.6164135261705257,3.4111477125153233,12,0,0,0,0,0,0,0,0,0,0,0,0,0,0,0,0,0,0,0,0,0,1,0,0,0,0,0,0,0,0,0,0,0,1
2025-01-13,2.9,0.065,1.1,3.835,0.215,52.14,2.285,461.0,29.1,1.5758811289052577,3.40452517175483,13,0,0,0,0,0,0,0,0,0,0,0,0,0,0,0,0,0,0,0,0,0,1,0,0,0,0,0,0,0,0,0,0,0,1
2025-01-14,3.1,0.065,1.1,4.140000000000001,0.22,52.14333333333334,2.28,465.0,31.0,1.637053079467074,3.4657359027997265,14,0,0,0,0,0,0,0,0,0,0,0,0,0,0,0,0,0,0,0,0,0,0,0,0,1,0,0,0,0,0,0,0,0,1
2025-01-15,3.2,0.065,1.24,4.39,0.2066666666666666,52.22666666666667,2.103333333333333,455.6666666666667,30.1,1.6845453849209058,3.4372078191851885,15,0,0,0,0,0,0,0,0,0,0,0,0,0,0,0,0,1,0,0,0,0,0,0,0,0,0,0,0,0,0,0,0,0,1
2025-01-16,3.3,0.065,1.24,4.333333333333334,0.2133333333333333,52.07,2.14,448.3333333333333,30.8,1.6739764335716716,3.459466289786131,16,0,0,0,0,0,0,0,0,0,0,0,0,0,0,0,0,0,0,0,0,0,0,0,0,0,0,0,1,0,0,0,0,0,1
2025-01-17,2.3,0.065,1.46,3.44,0.21,52.02,1.9525000000000001,322.0,27.1,1.4906543764441333,3.3357695763397,17,0,0,0,0,0,0,0,0,0,0,0,0,0,0,0,0,0,0,0,0,0,1,0,0,0,0,0,0,0,0,0,0,0,1
2025-01-18,2.6,0.065,1.3,3.47,0.21,52.04666666666666,1.9525000000000001,376.0,26.9,1.4973884086254776,3.32862668882732,18,0,0,0,0,0,0,0,0,0,0,0,0,0,0,0,0,0,0,0,0,0,0,1,0,0,0,0,0,0,0,0,0,0,1
2025-01-19,2.5,0.065,1.4,4.3533333333333335,0.2133333333333333,52.13,2.14,440.3333333333333,28.7,1.6777194198505059,3.391147045808654,19,0,0,0,0,0,0,0,0,0,0,0,0,1,0,0,0,0,0,0,0,0,0,0,0,0,0,0,0,0,0,0,0,0,1
2025-01-20,2.7,0.065,1.5,4.484999999999999,0.215,52.129999999999995,2.225,462.5,34.0,1.7020170937271935,3.5553480614894135,20,0,0,0,0,0,0,0,0,0,0,0,0,0,0,0,1,0,0,0,0,0,0,0,0,0,0,0,0,0,0,0,0,0,1
2025-01-21,3.4,0.065,1.5,4.645,0.215,52.25,2.29,469.0,34.9,1.7307701976016252,3.580737295494233,21,0,0,0,0,0,0,0,0,0,0,0,0,0,0,1,0,0,0,0,0,0,0,0,0,0,0,0,0,0,0,0,0,0,1
2025-01-22,3.8,0.07,1.6,4.725,0.235,52.065,2.23,459.5,42.5125,1.7448425494403033,3.7730482531375573,22,0,0,0,0,0,0,0,0,0,0,0,0,0,0,0,1,0,0,0,0,0,0,0,0,0,0,0,0,0,0,0,0,0,1
2025-01-23,3.2,0.07,1.7,4.734999999999999,0.225,52.22,2.205,465.0,41.7,1.7465877505813339,3.754198920234579,23,0,0,0,0,0,0,0,0,0,0,0,0,0,0,0,0,0,1,0,0,0,0,0,0,0,0,0,0,0,0,0,0,0,1
2025-01-24,3.1,0.07,1.7,4.78,0.225,52.114999999999995,2.205,463.0,40.5,1.7544036826842861,3.7256934272366524,24,0,0,0,0,0,0,0,0,0,0,0,0,0,0,0,0,0,1,0,0,0,0,0,0,0,0,0,0,0,0,0,0,0,1
2025-01-25,2.8,0.07,1.67,4.805,0.225,52.065,1.9525000000000001,368.5,37.3,1.7587196151498548,3.6454498961866,25,0,0,0,0,0,0,0,0,0,0,0,0,0,0,0,0,0,1,0,0,0,0,0,0,0,0,0,0,0,0,0,0,0,1
2025-01-26,3.0,0.07,1.7,4.9,0.225,52.125,2.165,425.0,38.5,1.7749523509116738,3.676300671907076,26,0,0,0,0,0,0,0,0,0,0,0,0,0,0,0,0,0,1,0,0,0,0,0,0,0,0,0,0,0,0,0,0,0,1
2025-01-27,1.5,0.07,1.7,4.855,0.215,52.1,2.215,440.0,32.8,1.7672959970496807,3.520460802488973,27,0,0,0,0,0,0,0,0,0,0,0,0,0,0,0,0,0,1,0,0,0,0,0,0,0,0,0,0,0,0,0,0,0,1
2025-01-28,0.9,0.07,1.68,4.78,0.215,52.135000000000005,2.24,453.5,29.0,1.7544036826842861,3.4011973816621555,28,0,0,0,0,0,0,0,0,0,0,0,0,0,0,0,0,0,1,0,0,0,0,0,0,0,0,0,0,0,0,0,0,0,1
2025-01-29,1.6,0.07,1.7,4.85,0.205,52.17,2.265,446.0,28.9,1.766441661243765,3.3978584803966405,29,0,0,0,0,0,0,0,0,0,0,0,0,0,0,0,0,0,1,0,0,0,0,0,0,0,0,0,0,0,0,0,0,0,1
2025-01-30,1.0,0.07,1.6,5.09,0.205,52.04,2.26,459.5,35.5,1.8066480817218056,3.597312260588446,30,0,0,0,0,0,0,0,0,0,0,0,0,0,0,0,0,0,1,0,0,0,0,0,0,0,0,0,0,0,0,0,0,0,1
2025-01-31,1.8,0.07,1.8,5.135,0.22,52.06,2.27,451.5,30.9,1.8140100781628747,3.462606009790799,31,0,0,0,0,0,0,0,0,0,0,0,0,0,0,0,0,0,1,0,0,0,0,0,0,0,0,0,0,0,0,0,0,0,1
2025-02-01,1.7,0.07,1.8,5.23,0.21,52.195,2.26,463.0,29.1,1.8293763327993617,3.40452517175483,32,0,1,0,0,0,0,0,0,0,0,0,0,0,0,0,0,0,1,0,0,0,0,0,0,0,0,0,0,0,0,0,0,0,1
2025-02-02,1.2,0.07,1.8,5.4350000000000005,0.22,52.185,2.28,457.5,30.9,1.86175184104809,3.462606009790799,33,0,1,0,0,0,0,0,0,0,0,0,0,0,0,0,0,0,1,0,0,0,0,0,0,0,0,0,0,0,0,0,0,0,1
2025-02-03,1.2,0.07,1.8,5.145,0.21,52.075,2.27,464.0,32.3,1.815638743017998,3.505557396986398,34,0,1,0,0,0,0,0,0,0,0,0,0,0,0,0,0,0,1,0,0,0,0,0,0,0,0,0,0,0,0,0,0,0,1
2025-02-04,0.63,0.07,1.8,5.2700000000000005,0.2133333333333333,52.151666666666664,2.27,462.0,25.4,1.8357763546448294,3.2733640101522705,35,0,1,0,0,0,0,0,0,0,0,0,0,0,0,0,0,0,0,0,0,1,0,0,0,0,0,0,0,0,0,0,0,0,1
2025-02-05,0.9,0.07,1.8,4.904999999999999,0.21,52.129999999999995,2.04,426.5,24.5,1.7757994496493255,3.2386784521643803,36,0,1,0,0,0,0,0,0,0,0,0,0,0,0,0,0,0,0,0,0,0,1,0,0,0,0,0,0,0,0,0,0,0,1
2025-02-06,0.77,0.07,1.8,4.45,0.21,52.295,2.25,448.0,22.9,1.6956156086751528,3.173878458937465,37,0,1,0,0,0,0,0,0,0,0,0,0,0,0,0,0,0,0,0,0,0,1,0,0,0,0,0,0,0,0,0,0,0,1
2025-02-07,2.425,0.07,1.8,4.77,0.215,52.285,2.05,449.0,35.3,1.7526720805200082,3.591817741270805,38,0,1,0,0,0,0,0,0,0,0,0,0,0,0,0,0,0,0,0,0,0,0,1,0,0,0,0,0,0,0,0,0,0,1
2025-02-08,1.3,0.07,1.8,4.708333333333333,0.2116666666666666,52.23666666666666,2.1133333333333333,441.1666666666667,38.2,1.7419270954801793,3.6686767467964168,39,0,1,0,0,0,0,0,0,0,0,0,0,1,0,0,0,0,0,0,0,0,0,0,0,0,0,0,0,0,0,0,0,0,1
2025-02-09,1.2,0.07,1.68,4.93,0.215,52.24,2.21,460.5,28.2,1.780024213009634,3.374168709274236,40,0,1,0,0,0,0,0,0,0,0,0,0,0,0,0,0,1,0,0,0,0,0,0,0,0,0,0,0,0,0,0,0,0,1
2025-02-10,1.0,0.07,1.5,4.82,0.225,52.195,2.045,423.5,28.4,1.7613002617433464,3.380994674344636,41,0,1,0,0,0,0,0,0,0,0,0,0,0,0,0,0,0,0,0,0,0,1,0,0,0,0,0,0,0,0,0,0,0,1
2025-02-11,1.6,0.07,1.57,4.745,0.225,52.364999999999995,2.06,434.5,29.6,1.7483299113007191,3.4210000089583352,42,0,1,0,0,0,0,0,0,0,0,0,0,0,0,0,0,0,0,0,0,0,1,0,0,0,0,0,0,0,0,0,0,0,1
2025-02-12,0.6,0.07,1.63,4.83,0.23,52.334999999999994,2.255,461.5,31.2,1.763017000362401,3.4719664525503626,43,0,1,0,0,0,0,0,0,0,0,0,0,0,0,0,0,0,0,0,0,0,1,0,0,0,0,0,0,0,0,0,0,0,1
2025-02-13,0.9,0.07,1.7,4.5,0.23,52.099999999999994,2.01,445.5,32.7,1.7047480922384253,3.517497837358316,44,0,1,0,0,0,0,0,0,0,0,0,0,0,0,0,0,0,0,0,0,0,1,0,0,0,0,0,0,0,0,0,0,0,1
2025-02-14,1.4,0.07,1.7,4.6,0.215,52.255,2.2350000000000003,459.0,37.2,1.7227665977411035,3.6428355156125294,45,0,1,0,0,0,0,0,0,0,0,0,0,0,0,0,0,0,0,0,0,0,1,0,0,0,0,0,0,0,0,0,0,0,1
2025-02-15,1.7,0.07,1.7,4.615,0.21,52.07,2.1950000000000003,447.5,31.5,1.7254415881904066,3.481240089335692,46,0,1,0,0,0,0,0,0,0,0,0,0,0,0,0,0,0,0,0,0,0,1,0,0,0,0,0,0,0,0,0,0,0,1
2025-02-16,1.8,0.07,1.75,5.244999999999999,0.22,52.120000000000005,2.25,459.0,31.5,1.8317811435775408,3.481240089335692,47,0,1,0,0,0,0,0,0,0,0,0,0,0,0,0,0,0,0,0,0,0,1,0,0,0,0,0,0,0,0,0,0,0,1
2025-02-17,1.1,0.07,1.8,5.235,0.225,52.14,2.27,469.5,31.4,1.8301785791319998,3.4781584227982836,48,0,1,0,0,0,0,0,0,0,0,0,0,0,0,0,0,0,0,0,0,0,1,0,0,0,0,0,0,0,0,0,0,0,1
2025-02-18,1.4,0.07,1.75,4.739999999999999,0.2266666666666666,52.195,2.25,460.5,35.9,1.747459210331475,3.6082115510464816,49,0,1,0,0,0,0,0,0,0,0,0,0,0,0,0,0,0,0,0,0,0,1,0,0,0,0,0,0,0,0,0,0,0,1
2025-02-19,1.0,0.07,1.7,5.234999999999999,0.23,52.31,2.37,449.5,38.875,1.8301785791319998,3.6857495611050086,50,0,1,0,0,0,0,0,0,0,0,0,0,0,0,0,0,0,0,0,0,0,1,0,0,0,0,0,0,0,0,0,0,0,1
2025-02-20,1.3,0.07,1.7,4.99,0.21,52.239999999999995,2.185,472.5,32.8,1.7900914121273581,3.520460802488973,51,0,1,0,0,0,0,0,0,0,0,0,0,0,0,0,0,0,0,0,0,0,1,0,0,0,0,0,0,0,0,0,0,0,1
2025-02-21,1.6,0.07,1.7,5.385,0.21,52.21,2.19,454.5,31.1,1.8539514894845026,3.4688560301359703,52,0,1,0,0,0,0,0,0,0,0,0,0,0,0,0,0,0,0,0,0,0,1,0,0,0,0,0,0,0,0,0,0,0,1
2025-02-22,2.425,0.07,1.7,4.2,0.23,52.12,2.17,441.0,29.7,1.6486586255873816,3.4242626545931514,53,0,1,0,0,0,0,0,0,0,0,0,0,0,0,0,0,0,0,0,0,0,1,0,0,0,0,0,0,0,0,0,0,0,1
2025-02-23,0.8,0.07,1.7,5.0,0.2266666666666666,52.30666666666667,2.1733333333333333,452.3333333333333,30.9,1.791759469228055,3.462606009790799,54,0,1,0,0,0,0,0,0,0,0,0,0,0,0,0,0,0,0,0,0,0,0,0,0,0,0,0,1,0,0,0,0,0,1
2025-02-24,0.8,0.07,1.7,4.98,0.23,52.35666666666667,2.2433333333333336,467.0,31.8,1.7884205679625405,3.4904285153900982,55,0,1,0,0,0,0,0,0,0,0,0,0,0,0,0,0,0,0,0,0,1,0,0,0,0,0,0,0,0,0,0,0,0,1
2025-02-25,1.2,0.07,1.7,5.02,0.23,52.155,2.255,462.5,35.0,1.7950872593207297,3.58351893845611,56,0,1,0,0,0,0,0,0,0,0,0,0,0,0,0,0,0,0,0,0,0,1,0,0,0,0,0,0,0,0,0,0,0,1
2025-02-26,0.5,0.07,1.7,4.949999999999999,0.22,52.18666666666667,2.223333333333333,447.3333333333333,28.7,1.7833912195575383,3.391147045808654,57,0,1,0,0,0,0,0,0,0,0,0,0,0,0,0,0,0,0,0,0,0,0,0,0,0,0,0,1,0,0,0,0,0,1
2025-02-27,0.4,0.07,1.7,4.515000000000001,0.22,52.150000000000006,1.9883333333333337,441.0,24.8,1.7074716527054659,3.250374491927572,58,0,1,0,0,0,0,0,0,0,0,0,0,0,0,0,0,0,1,0,0,0,0,0,0,0,0,0,0,0,0,0,0,0,1
2025-02-28,0.5,0.07,1.7,4.646666666666667,0.22,52.19,2.16,450.6666666666667,27.9,1.7310654005557988,3.3638415951183864,59,0,1,0,0,0,0,0,0,0,0,0,0,0,0,0,0,0,0,1,0,0,0,0,0,0,0,0,0,0,0,0,0,0,1
2025-03-01,0.8,0.07,1.7,5.07,0.2266666666666666,52.32333333333333,2.193333333333334,459.6666666666667,29.3,1.803358605071407,3.4111477125153233,60,0,0,1,0,0,0,0,0,0,0,0,0,1,0,0,0,0,0,0,0,0,0,0,0,0,0,0,0,0,0,0,0,0,1
2025-03-02,1.3,0.07,1.7,5.116666666666667,0.23,52.35666666666666,2.22,444.6666666666667,33.6,1.8110172858324696,3.543853682063679,61,0,0,1,0,0,0,0,0,0,0,0,0,0,0,0,0,1,0,0,0,0,0,0,0,0,0,0,0,0,0,0,0,0,1
2025-03-03,0.9,0.07,1.7,5.6850000000000005,0.215,52.335,2.225,458.0,32.7,1.8998662105539066,3.517497837358316,62,0,0,1,0,0,0,0,0,0,0,0,0,0,0,0,0,0,0,0,0,0,1,0,0,0,0,0,0,0,0,0,0,0,1
2025-03-04,0.9,0.07,1.7,5.72,0.235,52.239999999999995,2.3525,479.0,32.9,1.9050881545350582,3.5234150143864045,63,0,0,1,0,0,0,0,0,0,0,0,0,0,0,0,0,0,0,0,0,0,1,0,0,0,0,0,0,0,0,0,0,0,1
2025-03-05,0.6,0.07,1.7,5.52,0.24,52.355,2.33,523.5,33.7,1.8748743759385615,3.5467396869528134,64,0,0,1,0,0,0,0,0,0,0,0,0,0,0,0,0,0,0,0,0,0,1,0,0,0,0,0,0,0,0,0,0,0,1
2025-03-06,0.4,0.07,1.7,5.595000000000001,0.215,52.3,2.135,467.5,34.4,1.886311786169278,3.5667118201397288,65,0,0,1,0,0,0,0,0,0,0,0,0,0,0,0,0,0,0,0,0,0,1,0,0,0,0,0,0,0,0,0,0,0,1
2025-03-07,0.4,0.07,1.7,5.785,0.205,52.325,2.1324999999999994,471.5,33.1,1.9147142932868324,3.529297384289471,66,0,0,1,0,0,0,0,0,0,0,0,0,0,0,0,0,0,0,0,0,0,0,1,0,0,0,0,0,0,0,0,0,0,1
2025-03-08,0.6,0.07,1.7,4.536666666666667,0.2233333333333333,52.11666666666667,2.26,465.6666666666667,32.2,1.7113926349570938,3.502549875922443,67,0,0,1,0,0,0,0,0,0,0,0,0,0,1,0,0,0,0,0,0,0,0,0,0,0,0,0,0,0,0,0,0,0,1
2025-03-09,0.4,0.07,1.7,5.163333333333333,0.2333333333333333,52.23333333333333,2.27,460.6666666666667,29.9,1.8186177567309239,3.4307561839036995,68,0,0,1,0,0,0,0,0,0,0,0,0,0,0,0,0,0,0,0,0,1,0,0,0,0,0,0,0,0,0,0,0,0,1
2025-03-10,0.7,0.07,1.75,5.58,0.235,52.245,2.26,460.5,30.9,1.884034745337226,3.462606009790799,69,0,0,1,0,0,0,0,0,0,0,0,0,0,0,0,0,0,0,0,0,0,1,0,0,0,0,0,0,0,0,0,0,0,1
2025-03-11,0.8,0.07,1.7,5.33,0.22,52.31,2.28,466.5,31.8,1.8453002361560848,3.4904285153900982,70,0,0,1,0,0,0,0,0,0,0,0,0,0,0,0,0,0,0,0,0,0,1,0,0,0,0,0,0,0,0,0,0,0,1
2025-03-12,0.7,0.07,1.7,5.16,0.21,52.375,2.205,446.5,28.1,1.8180767775454285,3.370738174177447,71,0,0,1,0,0,0,0,0,0,0,0,0,0,0,0,0,0,0,0,0,0,1,0,0,0,0,0,0,0,0,0,0,0,1
2025-03-13,0.4,0.068,1.7,5.1899999999999995,0.225,52.445,2.2,457.0,30.1,1.8229350866965046,3.4372078191851885,72,0,0,1,0,0,0,0,0,0,0,0,0,0,0,0,0,0,0,0,0,0,1,0,0,0,0,0,0,0,0,0,0,0,1
2025-03-14,0.8,0.069,1.7,5.285,0.23,52.224999999999994,2.21,450.0,32.8,1.8381658420422107,3.520460802488973,73,0,0,1,0,0,0,0,0,0,0,0,0,0,0,0,0,0,0,0,0,0,1,0,0,0,0,0,0,0,0,0,0,0,1
2025-03-15,0.9,0.065,1.7,5.29,0.22,52.205,2.255,447.0,32.1,1.8389610707123492,3.4995332823830174,74,0,0,1,0,0,0,0,0,0,0,0,0,0,0,0,0,0,0,0,0,0,1,0,0,0,0,0,0,0,0,0,0,0,1
2025-03-16,0.9,0.065,1.69,4.525,0.215,52.224999999999994,2.27,455.5,32.9,1.7092832474038167,3.5234150143864045,75,0,0,1,0,0,0,0,0,0,0,0,0,0,0,0,0,0,0,0,0,0,1,0,0,0,0,0,0,0,0,0,0,0,1
2025-03-17,0.4,0.065,1.7,5.2,0.215,52.295,2.31,456.0,34.3,1.824549292051046,3.563882963939251,76,0,0,1,0,0,0,0,0,0,0,0,0,0,0,0,0,0,0,0,0,0,1,0,0,0,0,0,0,0,0,0,0,0,1
2025-03-18,0.3,0.065,1.55,4.705,0.23,52.185,2.265,461.0,29.2,1.741342983314039,3.407841924380824,77,0,0,1,0,0,0,0,0,0,0,0,0,0,0,0,0,0,0,0,0,0,1,0,0,0,0,0,0,0,0,0,0,0,1
2025-03-19,1.8,0.065,1.29,4.725,0.205,52.41,2.2350000000000003,460.0,29.7,1.7448425494403033,3.4242626545931514,78,0,0,1,0,0,0,0,0,0,0,0,0,0,0,0,0,0,0,0,0,0,1,0,0,0,0,0,0,0,0,0,0,0,1
2025-03-20,0.9,0.065,1.32,4.4350000000000005,0.235,52.08,2.21,449.0,29.2,1.692859520573173,3.407841924380824,79,0,0,1,0,0,0,0,0,0,0,0,0,0,0,0,0,0,0,0,0,0,1,0,0,0,0,0,0,0,0,0,0,0,1
2025-03-21,1.7,0.065,1.5,4.249999999999999,0.2233333333333333,52.21,2.283333333333333,455.6666666666667,32.1,1.6582280766035322,3.4995332823830174,80,0,0,1,0,0,0,0,0,0,0,0,0,0,0,0,0,0,0,0,0,0,0,0,0,0,0,0,1,0,0,0,0,0,1
2025-03-22,1.3,0.065,1.6,4.62,0.22,52.065,2.3099999999999996,461.5,29.1,1.7263316639055997,3.40452517175483,81,0,0,1,0,0,0,0,0,0,0,0,0,0,0,0,0,0,1,0,0,0,0,0,0,0,0,0,0,0,0,0,0,0,1
2025-03-23,1.6,0.065,1.5,4.4350000000000005,0.215,52.245,2.25,459.0,28.0,1.692859520573173,3.367295829986474,82,0,0,1,0,0,0,0,0,0,0,0,0,0,0,1,0,0,0,0,0,0,0,0,0,0,0,0,0,0,0,0,0,0,1
2025-03-24,0.6,0.065,1.44,4.645,0.225,52.25,2.2350000000000003,456.0,25.7,1.7307701976016252,3.2846635654062037,83,0,0,1,0,0,0,0,0,0,0,0,0,0,0,0,0,0,0,0,0,0,1,0,0,0,0,0,0,0,0,0,0,0,1
2025-03-25,0.6,0.065,1.4,4.32,0.22,52.485,2.255,467.5,28.4,1.6714733033535532,3.380994674344636,84,0,0,1,0,0,0,0,0,0,0,0,0,0,0,0,0,0,0,0,0,0,1,0,0,0,0,0,0,0,0,0,0,0,1
2025-03-26,1.0,0.065,1.46,4.39,0.2266666666666666,52.416666666666664,2.236666666666667,450.3333333333333,37.3,1.6845453849209058,3.6454498961866,85,0,0,1,0,0,0,0,0,0,0,0,0,0,0,0,0,0,0,0,0,0,0,0,0,0,0,0,0,1,0,0,0,0,1
2025-03-27,0.8,0.065,1.5,4.526666666666667,0.2066666666666666,52.55,2.25,446.0,28.8,1.7095848610390394,3.3945083935113587,86,0,0,1,0,0,0,0,0,0,0,0,0,0,0,0,0,0,0,0,0,0,0,0,0,0,0,0,1,0,0,0,0,0,1
2025-03-28,0.5,0.065,1.5,4.6433333333333335,0.2266666666666666,52.666666666666664,2.2566666666666664,459.3333333333333,29.8,1.7304749074769343,3.427514689979529,87,0,0,1,0,0,0,0,0,0,0,0,0,0,0,0,0,0,0,0,1,0,0,0,0,0,0,0,0,0,0,0,0,0,1
2025-03-29,1.6,0.065,1.5,4.609999999999999,0.22,52.68958333333333,2.31,462.0,30.6,1.7245507195346048,3.4531571205928664,88,0,0,1,0,0,0,0,0,0,0,0,0,0,0,0,0,0,0,0,0,0,1,0,0,0,0,0,0,0,0,0,0,0,1
2025-03-30,1.6,0.065,1.5,4.595,0.225,52.625,2.2350000000000003,455.5,29.9,1.7218733417638885,3.4307561839036995,89,0,0,1,0,0,0,0,0,0,0,0,0,0,0,0,0,0,0,0,0,0,1,0,0,0,0,0,0,0,0,0,0,0,1
2025-03-31,1.7,0.065,1.5,4.44,0.22,52.47,2.205,442.5,29.9,1.6937790608678513,3.4307561839036995,90,0,0,1,0,0,0,0,0,0,0,0,0,0,0,0,0,0,0,0,0,0,1,0,0,0,0,0,0,0,0,0,0,0,1
2025-04-01,1.4,0.065,1.65,4.715,0.22,52.555,2.23,457.5,30.2,1.743094297246774,3.4404180948154366,91,0,0,0,1,0,0,0,0,0,0,0,0,0,0,0,0,0,0,0,0,0,1,0,0,0,0,0,0,0,0,0,0,0,1
2025-04-02,1.9,0.065,1.8,4.76,0.215,52.605,2.24,458.0,34.5,1.7509374747078,3.56953269648137,92,0,0,0,1,0,0,0,0,0,0,0,0,0,0,0,0,0,0,0,0,0,1,0,0,0,0,0,0,0,0,0,0,0,1
2025-04-03,1.8,0.065,1.97,4.51,0.22,52.45,2.2,440.0,35.9,1.706564623164823,3.6082115510464816,93,0,0,0,1,0,0,0,0,0,0,0,0,0,0,0,0,0,0,0,0,0,1,0,0,0,0,0,0,0,0,0,0,0,1
2025-04-04,0.5,0.065,1.97,4.250000000000002,0.22,52.69,2.245,449.0,36.4,1.6582280766035327,3.6216707044204863,94,0,0,0,1,0,0,0,0,0,0,0,0,0,0,0,0,0,0,0,0,0,1,0,0,0,0,0,0,0,0,0,0,0,1
2025-04-05,0.8,0.065,1.8,4.869999999999999,0.2075,52.95,2.245,458.5,35.8,1.769854633840005,3.6054978451748854,95,0,0,0,1,0,0,0,0,0,0,0,0,0,0,0,0,0,0,0,0,0,1,0,0,0,0,0,0,0,0,0,0,0,1
2025-04-06,0.7,0.065,1.47,4.97,0.21,53.245000000000005,2.3,484.5,30.4,1.7867469274045107,3.4468078929142076,96,0,0,0,1,0,0,0,0,0,0,0,0,0,0,0,0,0,0,0,0,0,1,0,0,0,0,0,0,0,0,0,0,0,1
2025-04-07,0.6,0.065,1.25,4.995,0.225,53.349999999999994,2.2699999999999996,478.0,29.4,1.7909257884794776,3.414442608412176,97,0,0,0,1,0,0,0,0,0,0,0,0,0,0,0,0,0,0,0,0,0,1,0,0,0,0,0,0,0,0,0,0,0,1
2025-04-08,1.0,0.065,1.14,4.58,0.225,53.09,2.325,479.0,32.3,1.7191887763932197,3.505557396986398,98,0,0,0,1,0,0,0,0,0,0,0,0,0,0,0,0,0,0,0,0,0,1,0,0,0,0,0,0,0,0,0,0,0,1
2025-04-09,1.2,0.065,1.13,4.8149999999999995,0.22,52.59,2.16,441.5,34.5,1.7604407859706277,3.56953269648137,99,0,0,0,1,0,0,0,0,0,0,0,0,0,0,0,0,0,0,0,0,0,1,0,0,0,0,0,0,0,0,0,0,0,1
2025-04-10,1.9,0.065,1.15,4.89,0.22,52.6,2.3049999999999997,473.5,34.0,1.7732559976634952,3.5553480614894135,100,0,0,0,1,0,0,0,0,0,0,0,0,0,0,0,0,0,0,0,0,0,1,0,0,0,0,0,0,0,0,0,0,0,1
2025-04-11,0.7,0.065,1.270833333,4.250000000000002,0.215,52.870000000000005,2.29,465.5,23.8,1.6582280766035327,3.2108436531709366,101,0,0,0,1,0,0,0,0,0,0,0,0,0,0,0,0,0,0,0,0,0,1,0,0,0,0,0,0,0,0,0,0,0,1
2025-04-12,0.8,0.065,1.3,4.56,0.2075,53.22,2.28,464.0,24.9,1.715598108262491,3.254242968705492,102,0,0,0,1,0,0,0,0,0,0,0,0,0,0,0,0,0,0,0,0,0,1,0,0,0,0,0,0,0,0,0,0,0,1
2025-04-13,0.7,0.065,1.3333333335000002,4.6775,0.21375,53.155,2.2275,452.25,27.65,1.7365109949975766,3.3551534431607486,103,0,0,0,1,0,0,0,0,0,0,0,0,0,0,0,0,0,0,0,0,0,1,0,0,0,0,0,0,0,0,0,0,0,1
2025-04-14,0.6,0.065,1.366666667,4.795,0.22,53.09,2.175,440.5,30.4,1.756995476791715,3.4468078929142076,104,0,0,0,1,0,0,0,0,0,0,0,0,0,0,0,0,0,0,0,0,0,1,0,0,0,0,0,0,0,0,0,0,0,1
2025-04-15,1.2,0.065,1.466666667,4.925,0.22,52.870000000000005,2.255,468.0,33.8,1.7791806870211948,3.5496173867804286,105,0,0,0,1,0,0,0,0,0,0,0,0,0,0,0,0,0,0,0,0,0,1,0,0,0,0,0,0,0,0,0,0,0,1
2025-04-16,0.4,0.065,1.366666667,5.035,0.21,53.105,2.285,474.5,32.6,1.7975758545494949,3.5145260669691587,106,0,0,0,1,0,0,0,0,0,0,0,0,0,0,0,0,0,0,0,0,0,1,0,0,0,0,0,0,0,0,0,0,0,1
2025-04-17,0.6,0.065,1.4875,5.015000000000001,0.21,53.02,2.27,479.5,27.5,1.7942563494266424,3.349904087274605,107,0,0,0,1,0,0,0,0,0,0,0,0,0,0,0,0,0,0,0,0,0,1,0,0,0,0,0,0,0,0,0,0,0,1
2025-04-18,0.4,0.065,1.5,5.050000000000001,0.22,52.915,2.38,500.0,26.7,1.8000582720427503,3.3214324131932926,108,0,0,0,1,0,0,0,0,0,0,0,0,0,0,0,0,0,0,0,0,0,1,0,0,0,0,0,0,0,0,0,0,0,1
2025-04-19,0.6,0.065,1.4,4.6850000000000005,0.2275,52.645,2.33,490.0,27.4,1.7378311272024995,3.3463891451671604,109,0,0,0,1,0,0,0,0,0,0,0,0,0,0,0,0,0,0,0,0,0,1,0,0,0,0,0,0,0,0,0,0,0,1
2025-04-20,0.2,0.065,1.44,4.87,0.2275,52.55,2.295,478.0,34.2,1.7698546338400052,3.5610460826040513,110,0,0,0,1,0,0,0,0,0,0,0,0,0,0,0,0,0,0,0,0,0,1,0,0,0,0,0,0,0,0,0,0,0,1
2025-04-21,0.4,0.065,1.5,5.18,0.225,52.695,2.3,477.0,32.1,1.8213182714695995,3.4995332823830174,111,0,0,0,1,0,0,0,0,0,0,0,0,0,0,0,0,0,0,0,0,0,1,0,0,0,0,0,0,0,0,0,0,0,1
2025-04-22,0.4,0.065,1.57,5.04,0.22,52.834999999999994,2.285,468.0,25.8,1.7984040119467235,3.288401887516811,112,0,0,0,1,0,0,0,0,0,0,0,0,0,0,0,0,0,0,0,0,0,1,0,0,0,0,0,0,0,0,0,0,0,1
2025-04-23,0.4,0.065,1.7,4.859999999999999,0.22,52.905,2.285,468.5,25.9,1.7681496035889213,3.292126286607793,113,0,0,0,1,0,0,0,0,0,0,0,0,0,0,0,0,0,0,0,0,0,1,0,0,0,0,0,0,0,0,0,0,0,1
2025-04-24,0.3,0.065,1.7,5.095,0.215,52.66,2.195,470.5,23.5,1.8074687629332349,3.1986731175506815,114,0,0,0,1,0,0,0,0,0,0,0,0,0,0,0,0,0,0,0,0,0,1,0,0,0,0,0,0,0,0,0,0,0,1
2025-04-25,0.3,0.06,1.7,4.855,0.225,52.72,2.24,471.5,24.8,1.7672959970496807,3.250374491927572,115,0,0,0,1,0,0,0,0,0,0,0,0,0,0,0,0,0,0,0,0,0,1,0,0,0,0,0,0,0,0,0,0,0,1
2025-04-26,0.6,0.06,1.7,4.744999999999999,0.225,52.585,2.24,466.0,26.3,1.748329911300719,3.3068867021909143,116,0,0,0,1,0,0,0,0,0,0,0,0,0,0,0,0,0,0,0,0,0,1,0,0,0,0,0,0,0,0,0,0,0,1
2025-04-27,0.9,0.06,1.7,4.975,0.215,52.760000000000005,2.25,454.5,26.9,1.7875840978175743,3.32862668882732,117,0,0,0,1,0,0,0,0,0,0,0,0,0,0,0,0,0,0,0,0,0,1,0,0,0,0,0,0,0,0,0,0,0,1
2025-04-28,0.4,0.06,1.65,4.875,0.215,52.535,2.1399999999999997,458.0,29.0,1.7707060600302227,3.4011973816621555,118,0,0,0,1,0,0,0,0,0,0,0,0,0,0,0,0,0,0,0,0,0,1,0,0,0,0,0,0,0,0,0,0,0,1
2025-04-29,1.5,0.067,1.43,4.250000000000002,0.21,52.385000000000005,2.1399999999999997,392.5,22.5,1.6582280766035327,3.1570004211501135,119,0,0,0,1,0,0,0,0,0,0,0,0,0,0,0,0,0,0,0,0,0,1,0,0,0,0,0,0,0,0,0,0,0,1
2025-04-30,0.3,0.066,1.3763636364999998,4.250000000000002,0.2075,52.335,2.1399999999999997,399.5,21.7,1.6582280766035327,3.122364924487357,120,0,0,0,1,0,0,0,0,0,0,0,0,0,0,0,0,0,0,0,0,0,1,0,0,0,0,0,0,0,0,0,0,0,1
2025-05-01,0.5,0.065,1.322727273,4.109999999999999,0.21,52.47,2.1525000000000007,420.5,24.6,1.631199404215613,3.242592351485517,121,0,0,0,0,1,0,0,0,0,0,0,0,0,0,0,0,0,0,0,0,0,1,0,0,0,0,0,0,0,0,0,0,0,1
2025-05-02,0.8,0.065,1.5,4.35,0.225,52.595,2.1525000000000007,446.5,27.5,1.6770965609079151,3.349904087274605,122,0,0,0,0,1,0,0,0,0,0,0,0,0,0,0,0,0,0,0,0,0,1,0,0,0,0,0,0,0,0,0,0,0,1
2025-05-03,0.9,0.065,1.5,4.699999999999999,0.215,52.474999999999994,2.255,480.0,28.0,1.7404661748405044,3.367295829986474,123,0,0,0,0,1,0,0,0,0,0,0,0,0,0,0,0,0,0,0,0,0,1,0,0,0,0,0,0,0,0,0,0,0,1
2025-05-04,0.5,0.065,1.5,4.66,0.22,52.61,2.22,465.5,31.7,1.7334238922150915,3.4873750779032076,124,0,0,0,0,1,0,0,0,0,0,0,0,0,0,0,0,0,0,0,0,0,1,0,0,0,0,0,0,0,0,0,0,0,1
2025-05-05,0.5,0.065,1.529166667,4.72,0.22,52.675,2.335,466.5,25.4,1.7439688053917064,3.2733640101522705,125,0,0,0,0,1,0,0,0,0,0,0,0,0,0,0,0,0,0,0,0,0,1,0,0,0,0,0,0,0,0,0,0,0,1
2025-05-06,0.4,0.065,1.545454545,4.395,0.205,52.65,2.325,479.0,27.8,1.6854725987100978,3.3603753871419,126,0,0,0,0,1,0,0,0,0,0,0,0,0,0,0,0,0,0,0,0,0,1,0,0,0,0,0,0,0,0,0,0,0,1
2025-05-07,0.2,0.087916667,1.108333333,4.295,0.23,52.34,2.34,465.5,27.2,1.6667629790533698,3.339321977944068,127,0,0,0,0,1,0,0,0,0,0,0,0,0,0,0,0,0,0,0,0,0,1,0,0,0,0,0,0,0,0,0,0,0,1
2025-05-08,1.4,0.09,1.129166667,4.175,0.22,52.47,2.34,475.0,26.2,1.6438393391514328,3.3032169733019514,128,0,0,0,0,1,0,0,0,0,0,0,0,0,0,0,0,0,0,0,0,0,1,0,0,0,0,0,0,0,0,0,0,0,1
2025-05-09,2.1,0.09,1.070833333,4.175,0.22,52.655,2.365,480.0,30.4,1.6438393391514328,3.4468078929142076,129,0,0,0,0,1,0,0,0,0,0,0,0,0,0,0,0,0,0,0,0,0,1,0,0,0,0,0,0,0,0,0,0,0,1
2025-05-10,1.7,0.09,1.086363636,4.24,0.21,52.735,2.3049999999999997,473.0,28.7,1.6563214983329508,3.391147045808654,130,0,0,0,0,1,0,0,0,0,0,0,0,0,0,0,0,0,0,0,0,0,1,0,0,0,0,0,0,0,0,0,0,0,1
2025-05-11,1.9,0.09,1.1,4.4399999999999995,0.22,52.31,2.2649999999999997,462.5,30.0,1.6937790608678511,3.4339872044851463,131,0,0,0,0,1,0,0,0,0,0,0,0,0,0,0,0,0,0,0,0,0,1,0,0,0,0,0,0,0,0,0,0,0,1
2025-05-12,1.4,0.09,1.1,4.33,0.21,52.625,2.24,459.5,27.2,1.673351238177753,3.339321977944068,132,0,0,0,0,1,0,0,0,0,0,0,0,0,0,0,0,0,0,0,0,0,1,0,0,0,0,0,0,0,0,0,0,0,1
2025-05-13,1.6,0.080833333,0.854166667,4.105,0.21,52.415,2.295,477.0,29.7,1.630220451616629,3.4242626545931514,133,0,0,0,0,1,0,0,0,0,0,0,0,0,0,0,0,0,0,0,0,0,1,0,0,0,0,0,0,0,0,0,0,0,1
2025-05-14,2.2,0.066875,0.725,4.08,0.225,52.535,2.3049999999999997,472.5,31.3,1.6253112615903906,3.475067230228611,134,0,0,0,0,1,0,0,0,0,0,0,0,0,0,0,0,0,0,0,0,0,1,0,0,0,0,0,0,0,0,0,0,0,1
2025-05-15,1.5,0.0775,0.7,4.31,0.215,52.655,2.26,467.5,25.4,1.6695918352538475,3.2733640101522705,135,0,0,0,0,1,0,0,0,0,0,0,0,0,0,0,0,0,0,0,0,0,1,0,0,0,0,0,0,0,0,0,0,0,1
2025-05-16,2.6,0.076842105,0.811111111,4.38,0.2,52.695,2.3,469.0,26.6,1.682688374173693,3.3178157727231046,136,0,0,0,0,1,0,0,0,0,0,0,0,0,0,0,0,0,0,0,0,0,1,0,0,0,0,0,0,0,0,0,0,0,1
2025-05-17,3.1,0.08,0.87,4.52,0.22,52.48,2.3,469.0,25.2,1.7083778602890038,3.265759410767051,137,0,0,0,0,1,0,0,0,0,0,0,0,0,0,0,0,0,0,0,0,0,1,0,0,0,0,0,0,0,0,0,0,0,1
2025-05-18,0.6,0.08,1.0,3.71,0.19499999999999998,52.52,2.18,451.0,36.0,1.5496879080283263,3.6109179126442243,138,0,0,0,0,1,0,0,0,0,0,0,0,0,0,0,0,0,0,0,0,0,1,0,0,0,0,0,0,0,0,0,0,0,1
2025-05-19,0.6,0.07,0.920833333,3.98,0.21,52.55,2.245,458.5,22.1,1.6054298910365616,3.139832617527748,139,0,0,0,0,1,0,0,0,0,0,0,0,0,0,0,0,0,0,0,0,0,1,0,0,0,0,0,0,0,0,0,0,0,1
2025-05-20,1.4,0.07,0.833333333,4.3,0.225,52.474999999999994,2.27,462.0,22.8,1.667706820558076,3.169685580677429,140,0,0,0,0,1,0,0,0,0,0,0,0,0,0,0,0,0,0,0,0,0,1,0,0,0,0,0,0,0,0,0,0,0,1
2025-05-21,2.8,0.07,0.833333333,4.54,0.21,52.48,2.24,507.5,30.7,1.7119945007591924,3.456316680883235,141,0,0,0,0,1,0,0,0,0,0,0,0,0,0,0,0,0,0,0,0,0,1,0,0,0,0,0,0,0,0,0,0,0,1
2025-05-22,3.2,0.07,0.833333333,4.445,0.215,52.595,2.285,464.0,29.3,1.694697756384924,3.4111477125153233,142,0,0,0,0,1,0,0,0,0,0,0,0,0,0,0,0,0,0,0,0,0,1,0,0,0,0,0,0,0,0,0,0,0,1
2025-05-23,2.4,0.07625,0.895833333,4.37,0.215,52.28,2.28,463.0,26.9,1.6808279085207734,3.32862668882732,143,0,0,0,0,1,0,0,0,0,0,0,0,0,0,0,0,0,0,0,0,0,1,0,0,0,0,0,0,0,0,0,0,0,1
2025-05-24,2.2,0.08,0.9,4.234999999999999,0.215,52.51,2.25,458.5,29.6,1.6553668443225,3.4210000089583352,144,0,0,0,0,1,0,0,0,0,0,0,0,0,0,0,0,0,0,0,0,0,1,0,0,0,0,0,0,0,0,0,0,0,1
2025-05-25,2.2,0.08,0.9,4.165,0.215,52.59,2.31,475.5,30.9,1.6419051025716018,3.462606009790799,145,0,0,0,0,1,0,0,0,0,0,0,0,0,0,0,0,0,0,0,0,0,1,0,0,0,0,0,0,0,0,0,0,0,1
2025-05-26,1.4,0.08,0.834782609,4.265000000000001,0.205,52.635000000000005,2.295,463.5,26.7,1.661081145585939,3.3214324131932926,146,0,0,0,0,1,0,0,0,0,0,0,0,0,0,0,0,0,0,0,0,0,1,0,0,0,0,0,0,0,0,0,0,0,1
2025-05-27,3.1,0.075,0.829166667,4.12,0.215,52.67,2.28,466.5,23.4,1.6331544390514163,3.1945831322991562,147,0,0,0,0,1,0,0,0,0,0,0,0,0,0,0,0,0,0,0,0,0,1,0,0,0,0,0,0,0,0,0,0,0,1
2025-05-28,2.6,0.07,0.8875,3.885,0.215,52.605,2.1525000000000007,433.5,32.5,1.586169285494746,3.5115454388310208,148,0,0,0,0,1,0,0,0,0,0,0,0,0,0,0,0,0,0,0,0,0,1,0,0,0,0,0,0,0,0,0,0,0,1
2025-05-29,2.5,0.07,0.866666667,3.81,0.215,52.504999999999995,2.235,461.5,26.1,1.5706970841176697,3.299533727885655,149,0,0,0,0,1,0,0,0,0,0,0,0,0,0,0,0,0,0,0,0,0,1,0,0,0,0,0,0,0,0,0,0,0,1
2025-05-30,2.2,0.065434783,0.843478261,3.71,0.205,52.625,2.29,463.0,25.3,1.5496879080283263,3.269568939183719,150,0,0,0,0,1,0,0,0,0,0,0,0,0,0,0,0,0,0,0,0,0,1,0,0,0,0,0,0,0,0,0,0,0,1
2025-05-31,1.4,0.065,0.8,3.855,0.215,52.515,2.27,458.0,27.1,1.5800091017432882,3.3357695763397,151,0,0,0,0,1,0,0,0,0,0,0,0,0,0,0,0,0,0,0,0,0,1,0,0,0,0,0,0,0,0,0,0,0,1
2025-06-01,1.7,0.065,0.85,4.03,0.195,52.545,2.325,468.0,28.7,1.6154199841116479,3.391147045808654,152,0,0,0,0,0,1,0,0,0,0,0,0,0,0,0,0,0,0,0,0,0,1,0,0,0,0,0,0,0,0,0,0,0,1
2025-06-02,1.8,0.065,0.8,3.975,0.205,52.575,2.25,458.0,29.0,1.604425370610556,3.4011973816621555,153,0,0,0,0,0,1,0,0,0,0,0,0,0,0,0,0,0,0,0,0,0,1,0,0,0,0,0,0,0,0,0,0,0,1
2025-06-03,1.7,0.065,0.86,3.93,0.215,52.485,2.115,452.5,28.8,1.5953389880545987,3.3945083935113587,154,0,0,0,0,0,1,0,0,0,0,0,0,0,0,0,0,0,0,0,0,0,1,0,0,0,0,0,0,0,0,0,0,0,1
2025-06-04,1.9,0.065,0.8,4.055,0.21,52.675,2.14,428.0,28.6,1.6203778524724346,3.3877743613300146,155,0,0,0,0,0,1,0,0,0,0,0,0,0,0,0,0,0,0,0,0,0,1,0,0,0,0,0,0,0,0,0,0,0,1
2025-06-05,2.1,0.065,0.8,3.97,0.21,52.64,2.145,452.0,28.7,1.6034198401085373,3.391147045808654,156,0,0,0,0,0,1,0,0,0,0,0,0,0,0,0,0,0,0,0,0,0,1,0,0,0,0,0,0,0,0,0,0,0,1
2025-06-06,2.6,0.065,0.8,3.985,0.22,52.45,2.3049999999999997,465.0,28.4,1.6064334034138017,3.380994674344636,157,0,0,0,0,0,1,0,0,0,0,0,0,0,0,0,0,0,0,0,0,0,1,0,0,0,0,0,0,0,0,0,0,0,1
2025-06-07,2.3,0.065,0.8,3.895,0.23,52.565,2.245,456.5,32.9,1.5882142759824738,3.5234150143864045,158,0,0,0,0,0,1,0,0,0,0,0,0,0,0,0,0,0,0,0,0,0,1,0,0,0,0,0,0,0,0,0,0,0,1
2025-06-08,3.1,0.065,0.8,3.96,0.22,52.47,2.27,456.0,30.9,1.601405740736836,3.462606009790799,159,0,0,0,0,0,1,0,0,0,0,0,0,0,0,0,0,0,0,0,0,0,1,0,0,0,0,0,0,0,0,0,0,0,1
2025-06-09,2.9,0.065,0.98,3.6406250000000004,0.21,52.605,2.085,439.5,25.8,1.5348490554430279,3.288401887516811,160,0,0,0,0,0,1,0,0,0,0,0,0,0,0,0,0,0,0,0,0,0,1,0,0,0,0,0,0,0,0,0,0,0,1
2025-06-10,2.3,0.065,1.0,3.97,0.205,52.49,2.125,458.5,26.2,1.6034198401085373,3.3032169733019514,161,0,0,0,0,0,1,0,0,0,0,0,0,0,0,0,0,0,0,0,0,0,1,0,0,0,0,0,0,0,0,0,0,0,1
2025-06-11,2.9,0.065,1.2,4.015000000000001,0.21,52.415,2.22,455.0,28.1,1.612433421413899,3.370738174177447,162,0,0,0,0,0,1,0,0,0,0,0,0,0,0,0,0,0,0,0,0,0,1,0,0,0,0,0,0,0,0,0,0,0,1
2025-06-12,2.3,0.065,1.02,4.23,0.205,52.575,2.21,450.0,30.3,1.6544112780768316,3.4436180975461075,163,0,0,0,0,0,1,0,0,0,0,0,0,0,0,0,0,0,0,0,0,0,1,0,0,0,0,0,0,0,0,0,0,0,1
2025-06-13,2.3,0.065,1.1,4.175,0.23,52.655,2.225,458.0,28.7,1.6438393391514328,3.391147045808654,164,0,0,0,0,0,1,0,0,0,0,0,0,0,0,0,0,0,0,0,0,0,1,0,0,0,0,0,0,0,0,0,0,0,1
2025-06-14,2.7,0.065,1.1,4.1850000000000005,0.22,52.36,2.1100000000000003,452.0,34.1375,1.6457698416814908,3.5592689362326504,165,0,0,0,0,0,1,0,0,0,0,0,0,0,0,0,0,0,0,0,0,0,1,0,0,0,0,0,0,0,0,0,0,0,1
2025-06-15,3.5,0.065,1.0,4.109999999999999,0.22,52.48,2.175,439.5,31.4,1.631199404215613,3.4781584227982836,166,0,0,0,0,0,1,0,0,0,0,0,0,0,0,0,0,0,0,0,0,0,1,0,0,0,0,0,0,0,0,0,0,0,1
2025-06-16,3.2,0.07,0.99,3.98,0.22,52.48,2.1900000000000004,454.5,27.6,1.6054298910365616,3.353406717825807,167,0,0,0,0,0,1,0,0,0,0,0,0,0,0,0,0,0,0,0,0,0,1,0,0,0,0,0,0,0,0,0,0,0,1
2025-06-17,2.8,0.067,0.8,4.215,0.22,52.57,2.205,452.5,24.4,1.6515390884527357,3.2347491740244907,168,0,0,0,0,0,1,0,0,0,0,0,0,0,0,0,0,0,0,0,0,0,1,0,0,0,0,0,0,0,0,0,0,0,1
2025-06-18,3.0,0.067,0.8,4.045,0.22,52.555,2.21,453.5,22.8,1.6183976538055722,3.169685580677429,169,0,0,0,0,0,1,0,0,0,0,0,0,0,0,0,0,0,0,0,0,0,1,0,0,0,0,0,0,0,0,0,0,0,1
2025-06-19,3.1,0.067,0.8,4.13,0.23,52.489999999999995,2.3049999999999997,475.5,25.6,1.6351056591826783,3.2809112157876537,170,0,0,0,0,0,1,0,0,0,0,0,0,0,0,0,0,0,0,0,0,0,1,0,0,0,0,0,0,0,0,0,0,0,1
2025-06-20,2.7,0.061,0.81,4.17,0.22,52.6,2.265,464.5,24.7,1.6428726885203377,3.246490991901174,171,0,0,0,0,0,1,0,0,0,0,0,0,0,0,0,0,0,0,0,0,0,1,0,0,0,0,0,0,0,0,0,0,0,1
2025-06-21,2.9,0.063,0.96,4.02,0.22,52.595,2.26,467.0,24.2,1.6134299337036377,3.2268439945173775,172,0,0,0,0,0,1,0,0,0,0,0,0,0,0,0,0,0,0,0,0,0,1,0,0,0,0,0,0,0,0,0,0,0,1
2025-06-22,3.0,0.065,0.9,3.955,0.22,52.575,2.25,468.5,23.8,1.6003971677819513,3.2108436531709366,173,0,0,0,0,0,1,0,0,0,0,0,0,0,0,0,0,0,0,0,0,0,1,0,0,0,0,0,0,0,0,0,0,0,1
2025-06-23,2.8,0.065,0.8,4.205,0.22,52.474999999999994,2.255,459.0,22.3,1.6496197020669323,3.1484533605716547,174,0,0,0,0,0,1,0,0,0,0,0,0,0,0,0,0,0,0,0,0,0,1,0,0,0,0,0,0,0,0,0,0,0,1
2025-06-24,2.4,0.065,0.88,4.1850000000000005,0.23,52.525000000000006,2.2,473.0,26.5,1.6457698416814908,3.3141860046725258,175,0,0,0,0,0,1,0,0,0,0,0,0,0,0,0,0,0,0,0,0,0,1,0,0,0,0,0,0,0,0,0,0,0,1
2025-06-25,2.8,0.065,1.02,4.305,0.21,52.59,2.095,431.0,27.9,1.6686497720659463,3.3638415951183864,176,0,0,0,0,0,1,0,0,0,0,0,0,0,0,0,0,0,0,0,0,0,1,0,0,0,0,0,0,0,0,0,0,0,1
2025-06-26,2.1,0.065,0.9,4.34,0.22,52.375,2.185,439.0,25.9,1.6752256529721035,3.292126286607793,177,0,0,0,0,0,1,0,0,0,0,0,0,0,0,0,0,0,0,0,0,0,1,0,0,0,0,0,0,0,0,0,0,0,1
2025-06-27,2.4,0.065,0.9,4.35,0.22,52.495000000000005,2.23,458.0,27.4,1.6770965609079151,3.3463891451671604,178,0,0,0,0,0,1,0,0,0,0,0,0,0,0,0,0,0,0,0,0,0,1,0,0,0,0,0,0,0,0,0,0,0,1
2025-06-28,2.8,0.065,0.9,4.125,0.205,52.455,2.175,452.0,26.1,1.634130525024472,3.299533727885655,179,0,0,0,0,0,1,0,0,0,0,0,0,0,0,0,0,0,0,0,0,0,1,0,0,0,0,0,0,0,0,0,0,0,1
2025-06-29,3.9875000000000007,0.065,1.02,4.525,0.195,52.36,2.135,444.5,24.9,1.7092832474038167,3.254242968705492,180,0,0,0,0,0,1,0,0,0,0,0,0,0,0,0,0,0,0,0,0,0,1,0,0,0,0,0,0,0,0,0,0,0,1
2025-06-30,3.3,0.065,1.1,4.415,0.22,52.31562499999999,2.23,448.0,22.2,1.689172880452954,3.1441522786722644,181,0,0,0,0,0,1,0,0,0,0,0,0,0,0,0,0,0,0,0,0,0,1,0,0,0,0,0,0,0,0,0,0,0,1
2025-07-01,3.1,0.065,0.95,4.055,0.225,52.515,2.1399999999999997,420.5,22.8,1.6203778524724346,3.169685580677429,182,0,0,0,0,0,0,1,0,0,0,0,0,0,0,0,0,0,0,0,0,0,1,0,0,0,0,0,0,0,0,0,0,0,1
2025-07-02,2.7,0.065,0.9,4.335,0.225,52.49,2.23,447.5,28.4,1.6742888847537167,3.380994674344636,183,0,0,0,0,0,0,1,0,0,0,0,0,0,0,0,0,0,0,0,0,0,1,0,0,0,0,0,0,0,0,0,0,0,1
2025-07-03,3.2,0.065,0.9,4.305,0.205,52.545,2.2249999999999996,456.0,23.6,1.6686497720659463,3.202746442938317,184,0,0,0,0,0,0,1,0,0,0,0,0,0,0,0,0,0,0,0,0,0,1,0,0,0,0,0,0,0,0,0,0,0,1
2025-07-04,1.8,0.065,0.808333333,4.21,0.205,52.56,2.0999999999999996,423.0,26.4,1.6505798557652755,3.3105430133940246,185,0,0,0,0,0,0,1,0,0,0,0,0,0,0,0,0,0,0,0,0,0,1,0,0,0,0,0,0,0,0,0,0,0,1
2025-07-05,2.4,0.065,0.8,4.39,0.21,52.44,2.085,417.5,22.7,1.6845453849209058,3.1654750481410856,186,0,0,0,0,0,0,1,0,0,0,0,0,0,0,0,0,0,0,0,0,0,1,0,0,0,0,0,0,0,0,0,0,0,1
2025-07-06,3.0,0.066,0.85,4.535,0.23,52.465,2.155,429.5,26.0,1.7110915661606003,3.295836866004329,187,0,0,0,0,0,0,1,0,0,0,0,0,0,0,0,0,0,0,0,0,0,1,0,0,0,0,0,0,0,0,0,0,0,1
2025-07-07,2.4,0.067,0.93,4.6899999999999995,0.22,52.375,2.1399999999999997,439.5,31.3,1.7387102481382395,3.475067230228611,188,0,0,0,0,0,0,1,0,0,0,0,0,0,0,0,0,0,0,0,0,0,1,0,0,0,0,0,0,0,0,0,0,0,1
2025-07-08,2.2,0.067,0.88,4.3100000000000005,0.215,52.57,2.185,447.5,21.8,1.6695918352538475,3.126760535960395,189,0,0,0,0,0,0,1,0,0,0,0,0,0,0,0,0,0,0,0,0,0,1,0,0,0,0,0,0,0,0,0,0,0,1
2025-07-09,2.5,0.067,0.87,4.42,0.22,52.5,2.155,433.0,18.8,1.6900958154515549,2.9856819377004897,190,0,0,0,0,0,0,1,0,0,0,0,0,0,0,0,0,0,0,0,0,0,1,0,0,0,0,0,0,0,0,0,0,0,1
2025-07-10,2.5,0.067,0.82,4.390000000000001,0.22,52.685,2.145,432.0,24.3,1.684545384920906,3.2308043957334744,191,0,0,0,0,0,0,1,0,0,0,0,0,0,0,0,0,0,0,0,0,0,1,0,0,0,0,0,0,0,0,0,0,0,1
2025-07-11,2.4,0.067,0.8,4.27,0.23,52.39,2.2350000000000003,438.5,29.0,1.6620303625532709,3.4011973816621555,192,0,0,0,0,0,0,1,0,0,0,0,0,0,0,0,0,0,0,0,0,0,1,0,0,0,0,0,0,0,0,0,0,0,1
2025-07-12,2.6,0.067,0.74,4.2,0.235,52.52,2.24,439.5,26.9,1.6486586255873816,3.32862668882732,193,0,0,0,0,0,0,1,0,0,0,0,0,0,0,0,0,0,0,0,0,0,1,0,0,0,0,0,0,0,0,0,0,0,1
2025-07-13,2.8,0.067,0.7,4.27,0.215,52.629999999999995,2.26,458.5,30.2,1.6620303625532709,3.4404180948154366,194,0,0,0,0,0,0,1,0,0,0,0,0,0,0,0,0,0,0,0,0,0,1,0,0,0,0,0,0,0,0,0,0,0,1
2025-07-14,3.3,0.067,0.7,4.4,0.215,52.385,2.245,462.5,23.2,1.6863989535702288,3.186352633162641,195,0,0,0,0,0,0,1,0,0,0,0,0,0,0,0,0,0,0,0,0,0,1,0,0,0,0,0,0,0,0,0,0,0,1
2025-07-15,2.7,0.067,0.8,4.47,0.21,52.25625000000001,2.19,436.0,20.0,1.6992786164338898,3.044522437723423,196,0,0,0,0,0,0,1,0,0,0,0,0,0,0,0,0,0,0,0,0,0,1,0,0,0,0,0,0,0,0,0,0,0,1
2025-07-16,2.7,0.067,1.03,3.71,0.22,52.45,2.2,449.0,19.6,1.5496879080283263,3.0252910757955354,197,0,0,0,0,0,0,1,0,0,0,0,0,0,0,0,0,0,0,0,0,0,1,0,0,0,0,0,0,0,0,0,0,0,1
2025-07-17,1.6,0.067,0.75,3.6012499999999985,0.22,52.445,2.065,426.5,16.5,1.5263280057110935,2.8622008809294686,198,0,0,0,0,0,0,1,0,0,0,0,0,0,0,0,0,0,0,0,0,0,1,0,0,0,0,0,0,0,0,0,0,0,1
2025-07-18,2.0,0.067,0.66,3.94,0.2266666666666666,52.46666666666667,2.283333333333333,460.3333333333333,22.5,1.597365331199831,3.1570004211501135,199,0,0,0,0,0,0,1,0,0,0,0,0,0,0,0,0,0,0,0,0,0,0,0,0,0,1,0,0,0,0,0,0,0,1
2025-07-19,2.3,0.067,0.65,4.035,0.225,52.58,2.265,455.5,21.7,1.6164135261705257,3.122364924487357,200,0,0,0,0,0,0,1,0,0,0,0,0,0,0,0,0,0,0,0,0,0,1,0,0,0,0,0,0,0,0,0,0,0,1
2025-07-20,2.0,0.067,0.7,4.265000000000001,0.22,52.64,2.295,465.0,22.2,1.661081145585939,3.1441522786722644,201,0,0,0,0,0,0,1,0,0,0,0,0,0,0,0,0,0,0,0,0,0,1,0,0,0,0,0,0,0,0,0,0,0,1
2025-07-21,2.2,0.067,0.7,4.57,0.24208333333333326,52.538,2.1,440.4,22.9,1.7173950539391927,3.173878458937465,202,0,0,0,0,0,0,1,0,0,0,0,0,0,0,0,0,0,0,0,0,0,0,0,0,0,0,1,0,0,0,0,0,0,1
2025-07-22,1.2,0.067,0.8,4.753333333333333,0.24208333333333326,52.593333333333334,2.1199999999999997,437.6666666666667,22.3,1.7497793969871722,3.1484533605716547,203,0,0,0,0,0,0,1,0,0,0,0,0,0,0,0,0,1,0,0,0,0,0,0,0,0,0,0,0,0,0,0,0,0,1
2025-07-23,1.5,0.067,0.78,4.405,0.22,52.535,2.13,432.5,24.9,1.6873244510911716,3.254242968705492,204,0,0,0,0,0,0,1,0,0,0,0,0,0,0,0,0,0,0,0,0,0,1,0,0,0,0,0,0,0,0,0,0,0,1
2025-07-24,1.3,0.067,0.73,4.32,0.235,52.504999999999995,2.295,459.0,26.1,1.6714733033535532,3.299533727885655,205,0,0,0,0,0,0,1,0,0,0,0,0,0,0,0,0,0,0,0,0,0,1,0,0,0,0,0,0,0,0,0,0,0,1
2025-07-25,1.6,0.067,0.7,4.255,0.23,52.605,2.325,465.5,26.9,1.6591800043289144,3.32862668882732,206,0,0,0,0,0,0,1,0,0,0,0,0,0,0,0,0,0,0,0,0,0,1,0,0,0,0,0,0,0,0,0,0,0,1
2025-07-26,2.3,0.067,0.7,4.255,0.21,52.54,2.26,455.0,25.0,1.6591800043289144,3.258096538021482,207,0,0,0,0,0,0,1,0,0,0,0,0,0,0,0,0,0,0,0,0,0,1,0,0,0,0,0,0,0,0,0,0,0,1
2025-07-27,2.1,0.067,0.7,4.335,0.225,52.39,2.26,455.0,23.2,1.6742888847537167,3.186352633162641,208,0,0,0,0,0,0,1,0,0,0,0,0,0,0,0,0,0,0,0,0,0,1,0,0,0,0,0,0,0,0,0,0,0,1
2025-07-28,1.8,0.067,0.7,4.1,0.215,52.385000000000005,2.33,464.5,22.7,1.62924053973028,3.1654750481410856,209,0,0,0,0,0,0,1,0,0,0,0,0,0,0,0,0,0,0,0,0,0,1,0,0,0,0,0,0,0,0,0,0,0,1
2025-07-29,2.2,0.067,0.7,4.04,0.225,52.515,2.28,456.0,21.5,1.6174060820832772,3.1135153092103742,210,0,0,0,0,0,0,1,0,0,0,0,0,0,0,0,0,0,0,0,0,0,1,0,0,0,0,0,0,0,0,0,0,0,1
2025-07-30,1.6,0.067,0.69,4.02,0.225,52.6,2.22,454.0,23.1,1.6134299337036377,3.1822118404966093,211,0,0,0,0,0,0,1,0,0,0,0,0,0,0,0,0,0,0,0,0,0,1,0,0,0,0,0,0,0,0,0,0,0,1
2025-07-31,2.6,0.067,0.7,3.955,0.2249999999999999,52.614999999999995,2.295,466.0,26.6,1.6003971677819513,3.3178157727231046,212,0,0,0,0,0,0,1,0,0,0,0,0,0,0,0,0,0,0,0,0,0,1,0,0,0,0,0,0,0,0,0,0,0,1
2025-08-01,1.6500000000000004,0.067,0.7,3.88,0.215,52.75,2.26,449.0,23.5,1.5851452198650557,3.1986731175506815,213,0,0,0,0,0,0,0,1,0,0,0,0,0,0,0,0,0,0,0,0,0,1,0,0,0,0,0,0,0,0,0,0,0,1
2025-08-02,2.2,0.067,0.7,4.195,0.22,52.53,2.3049999999999997,459.0,19.7,1.6476966245511908,3.0301337002713233,214,0,0,0,0,0,0,0,1,0,0,0,0,0,0,0,0,0,0,0,0,0,1,0,0,0,0,0,0,0,0,0,0,0,1
2025-08-03,1.6500000000000004,0.067,0.7,4.145,0.21,52.5,2.26,454.5,18.5,1.638025369286013,2.970414465569701,215,0,0,0,0,0,0,0,1,0,0,0,0,0,0,0,0,0,0,0,0,0,1,0,0,0,0,0,0,0,0,0,0,0,1
2025-08-04,1.9,0.067,0.6,3.835,0.225,52.58,2.27,441.0,22.3,1.5758811289052577,3.1484533605716547,216,0,0,0,0,0,0,0,1,0,0,0,0,0,0,0,0,0,0,0,0,0,1,0,0,0,0,0,0,0,0,0,0,0,1
2025-08-05,2.4,0.067,0.6,3.895,0.225,52.55,2.3,463.5,21.0,1.5882142759824738,3.091042453358316,217,0,0,0,0,0,0,0,1,0,0,0,0,0,0,0,0,0,0,0,0,0,1,0,0,0,0,0,0,0,0,0,0,0,1
2025-08-06,2.8499999999999996,0.067,0.6,3.805,0.23,52.39,2.355,467.0,20.8,1.5696570424222558,3.0819099697950434,218,0,0,0,0,0,0,0,1,0,0,0,0,0,0,0,0,0,0,0,0,0,1,0,0,0,0,0,0,0,0,0,0,0,1
2025-08-07,2.2,0.067,0.6,4.055,0.22,52.620000000000005,2.21,447.0,22.1,1.6203778524724346,3.139832617527748,219,0,0,0,0,0,0,0,1,0,0,0,0,0,0,0,0,0,0,0,0,0,1,0,0,0,0,0,0,0,0,0,0,0,1
2025-08-08,1.9,0.067,0.6,3.99,0.21,52.485,2.2,448.0,18.4,1.6074359097634274,2.9652730660692823,220,0,0,0,0,0,0,0,1,0,0,0,0,0,0,0,0,0,0,0,0,0,1,0,0,0,0,0,0,0,0,0,0,0,1
2025-08-09,2.3,0.067,0.6,4.02,0.215,52.28249999999999,2.2350000000000003,452.0,20.6,1.6134299337036377,3.0726933146901194,221,0,0,0,0,0,0,0,1,0,0,0,0,0,0,0,0,0,0,0,0,0,1,0,0,0,0,0,0,0,0,0,0,0,1
2025-08-10,2.3,0.067,0.6,3.915,0.225,52.395,2.265,456.5,21.8,1.5922917535991299,3.126760535960395,222,0,0,0,0,0,0,0,1,0,0,0,0,0,0,0,0,0,0,0,0,0,1,0,0,0,0,0,0,0,0,0,0,0,1
2025-08-11,2.1,0.067,0.6,4.0649999999999995,0.205,52.655,2.2249999999999996,437.0,19.9,1.6223541377006465,3.039749158970765,223,0,0,0,0,0,0,0,1,0,0,0,0,0,0,0,0,0,0,0,0,0,1,0,0,0,0,0,0,0,0,0,0,0,1
2025-08-12,2.6,0.067,0.6,4.145,0.215,52.685,2.38,512.0,20.7,1.638025369286013,3.077312260546414,224,0,0,0,0,0,0,0,1,0,0,0,0,0,0,0,0,0,0,0,0,0,1,0,0,0,0,0,0,0,0,0,0,0,1
2025-08-13,2.4,0.067,0.6,4.119999999999999,0.22,52.445,2.3200000000000003,485.0,24.2,1.6331544390514163,3.2268439945173775,225,0,0,0,0,0,0,0,1,0,0,0,0,0,0,0,0,0,0,0,0,0,1,0,0,0,0,0,0,0,0,0,0,0,1
2025-08-14,2.7,0.067,0.6,4.085,0.22,52.49,2.325,483.5,20.7,1.6262950295005232,3.077312260546414,226,0,0,0,0,0,0,0,1,0,0,0,0,0,0,0,0,0,0,0,0,0,1,0,0,0,0,0,0,0,0,0,0,0,1
2025-08-15,2.5,0.07,0.6,4.365,0.215,52.495000000000005,2.28,471.0,21.8,1.6798963760826617,3.126760535960395,227,0,0,0,0,0,0,0,1,0,0,0,0,0,0,0,0,0,0,0,0,0,1,0,0,0,0,0,0,0,0,0,0,0,1
2025-08-16,2.2,0.067,0.6,4.205,0.225,52.620000000000005,2.25,468.5,20.5,1.6496197020669323,3.068052935133617,228,0,0,0,0,0,0,0,1,0,0,0,0,0,0,0,0,0,0,0,0,0,1,0,0,0,0,0,0,0,0,0,0,0,1
2025-08-17,2.206666666666667,0.067,0.6066666666666667,4.217,0.22433333333333333,52.61566666666667,2.2523333333333335,468.6333333333333,20.7,1.6519225240402555,3.077312260546414,229,0,0,0,0,0,0,0,1,0,0,0,0,0,0,0,0,0,0,0,0,0,1,0,0,0,0,0,0,0,0,0,0,0,1
2025-08-18,2.2133333333333334,0.067,0.6133333333333333,4.229,0.22366666666666668,52.611333333333334,2.2546666666666666,468.76666666666665,20.9,1.6542200552059936,3.086486636822455,230,0,0,0,0,0,0,0,1,0,0,0,0,0,0,0,0,0,0,0,0,0,1,0,0,0,0,0,0,0,0,0,0,0,1
2025-08-19,2.22,0.067,0.62,4.241,0.223,52.607000000000006,2.257,468.9,21.1,1.6565123198200291,3.095577608523707,231,0,0,0,0,0,0,0,1,0,0,0,0,0,0,0,0,0,0,0,0,0,1,0,0,0,0,0,0,0,0,0,0,0,1
2025-08-20,2.2266666666666666,0.067,0.6266666666666666,4.253,0.22233333333333333,52.60266666666667,2.259333333333333,469.03333333333336,21.3,1.6587993419718245,3.104586678466073,232,0,0,0,0,0,0,0,1,0,0,0,0,0,0,0,0,0,0,0,0,0,1,0,0,0,0,0,0,0,0,0,0,0,1
2025-08-21,2.2333333333333334,0.067,0.6333333333333333,4.265,0.22166666666666668,52.598333333333336,2.2616666666666667,469.1666666666667,21.5,1.6610811455859387,3.1135153092103742,233,0,0,0,0,0,0,0,1,0,0,0,0,0,0,0,0,0,0,0,0,0,1,0,0,0,0,0,0,0,0,0,0,0,1
2025-08-22,2.24,0.067,0.64,4.277,0.221,52.594,2.2640000000000002,469.3,21.7,1.6633577544235307,3.122364924487357,234,0,0,0,0,0,0,0,1,0,0,0,0,0,0,0,0,0,0,0,0,0,1,0,0,0,0,0,0,0,0,0,0,0,1
2025-08-23,2.2466666666666666,0.067,0.6466666666666666,4.289,0.22033333333333333,52.589666666666666,2.2663333333333333,469.43333333333334,21.9,1.6656291920838429,3.131136910560194,235,0,0,0,0,0,0,0,1,0,0,0,0,0,0,0,0,0,0,0,0,0,1,0,0,0,0,0,0,0,0,0,0,0,1
2025-08-24,2.2533333333333334,0.067,0.6533333333333333,4.301,0.21966666666666668,52.58533333333334,2.268666666666667,469.56666666666666,22.1,1.667895482005669,3.139832617527748,236,0,0,0,0,0,0,0,1,0,0,0,0,0,0,0,0,0,0,0,0,0,1,0,0,0,0,0,0,0,0,0,0,0,1
2025-08-25,2.26,0.067,0.6599999999999999,4.313,0.219,52.581,2.271,469.7,22.3,1.670156647468806,3.1484533605716547,237,0,0,0,0,0,0,0,1,0,0,0,0,0,0,0,0,0,0,0,0,0,1,0,0,0,0,0,0,0,0,0,0,0,1
2025-08-26,2.2666666666666666,0.067,0.6666666666666666,4.325,0.21833333333333332,52.57666666666667,2.2733333333333334,469.8333333333333,22.5,1.6724127115954888,3.1570004211501135,238,0,0,0,0,0,0,0,1,0,0,0,0,0,0,0,0,0,0,0,0,0,1,0,0,0,0,0,0,0,0,0,0,0,1
2025-08-27,2.2733333333333334,0.067,0.6733333333333333,4.337,0.21766666666666667,52.57233333333333,2.275666666666667,469.96666666666664,22.7,1.6746636973518076,3.1654750481410856,239,0,0,0,0,0,0,0,1,0,0,0,0,0,0,0,0,0,0,0,0,0,1,0,0,0,0,0,0,0,0,0,0,0,1
2025-08-28,2.28,0.067,0.6799999999999999,4.349,0.217,52.568,2.278,470.1,22.9,1.676909627549113,3.173878458937465,240,0,0,0,0,0,0,0,1,0,0,0,0,0,0,0,0,0,0,0,0,0,1,0,0,0,0,0,0,0,0,0,0,0,1
2025-08-29,2.2866666666666666,0.067,0.6866666666666666,4.361,0.21633333333333332,52.56366666666667,2.2803333333333335,470.23333333333335,23.1,1.6791505248454006,3.1822118404966093,241,0,0,0,0,0,0,0,1,0,0,0,0,0,0,0,0,0,0,0,0,0,1,0,0,0,0,0,0,0,0,0,0,0,1
2025-08-30,2.293333333333333,0.067,0.6933333333333332,4.373,0.21566666666666667,52.559333333333335,2.2826666666666666,470.3666666666667,23.3,1.6813864117466844,3.190476350346503,242,0,0,0,0,0,0,0,1,0,0,0,0,0,0,0,0,0,0,0,0,0,1,0,0,0,0,0,0,0,0,0,0,0,1
2025-08-31,2.3,0.067,0.7,4.385,0.215,52.555,2.285,470.5,23.5,1.6836173106083518,3.1986731175506815,243,0,0,0,0,0,0,0,1,0,0,0,0,0,0,0,0,0,0,0,0,0,1,0,0,0,0,0,0,0,0,0,0,0,1
2025-10-01,3.4,0.065,1.0,4.275,0.22,52.855,2.2,456.0,25.7,1.6629786793621302,3.2846635654062037,244,1,0,0,0,0,0,0,0,0,1,0,0,0,0,0,0,0,0,0,0,0,1,0,0,0,0,0,0,0,0,0,0,0,1
2025-10-02,2.4,0.065,1.0,4.215,0.22,52.815,2.1900000000000004,459.0,27.4,1.6515390884527357,3.3463891451671604,245,1,0,0,0,0,0,0,0,0,1,0,0,0,0,0,0,0,0,0,0,0,1,0,0,0,0,0,0,0,0,0,0,0,1
2025-10-03,2.5,0.065,0.9,4.375,0.215,52.834999999999994,2.215,448.5,29.8,1.6817585740137264,3.427514689979529,246,1,0,0,0,0,0,0,0,0,1,0,0,0,0,0,0,0,0,0,0,0,1,0,0,0,0,0,0,0,0,0,0,0,1
2025-10-04,4.750000000000001,0.07,1.0,4.215,0.225,52.81,2.2350000000000003,446.5,30.7,1.6515390884527357,3.456316680883235,247,1,0,0,0,0,0,0,0,0,1,0,0,0,0,0,0,0,0,0,0,0,1,0,0,0,0,0,0,0,0,0,0,0,1
2025-10-05,3.4,0.07,1.2,4.145,0.225,52.74,2.245,445.0,28.2,1.638025369286013,3.374168709274236,248,1,0,0,0,0,0,0,0,0,1,0,0,0,0,0,0,0,0,0,0,0,1,0,0,0,0,0,0,0,0,0,0,0,1
2025-10-06,2.0,0.07,1.1,4.25,0.215,52.754999999999995,2.2649999999999997,459.0,27.0,1.6582280766035324,3.332204510175204,249,1,0,0,0,0,0,0,0,0,1,0,0,0,0,0,0,0,0,0,0,0,1,0,0,0,0,0,0,0,0,0,0,0,1
2025-10-07,2.1,0.075,0.9,4.175000000000001,0.22,52.55,2.22,456.5,26.0,1.643839339151433,3.295836866004329,250,1,0,0,0,0,0,0,0,0,1,0,0,0,0,0,0,0,0,0,0,0,1,0,0,0,0,0,0,0,0,0,0,0,1
2025-10-08,1.8,0.075,0.9,3.995,0.2125,52.82,2.23,455.0,25.3,1.608437412100517,3.269568939183719,251,1,0,0,0,0,0,0,0,0,1,0,0,0,0,0,0,0,0,0,0,0,1,0,0,0,0,0,0,0,0,0,0,0,1
2025-10-09,3.1,0.075,1.0,4.1899999999999995,0.22,52.879999999999995,2.134375,440.5,28.1,1.6467336971777973,3.370738174177447,252,1,0,0,0,0,0,0,0,0,1,0,0,0,0,0,0,0,0,0,0,0,1,0,0,0,0,0,0,0,0,0,0,0,1
2025-10-10,2.9,0.075,1.0,4.12,0.225,53.025,2.27,440.5,26.9,1.6331544390514163,3.32862668882732,253,1,0,0,0,0,0,0,0,0,1,0,0,0,0,0,0,0,0,0,0,0,1,0,0,0,0,0,0,0,0,0,0,0,1
2025-10-11,2.6,0.075,1.0,4.18,0.23,52.855,2.24,446.0,25.0,1.6448050562713916,3.258096538021482,254,1,0,0,0,0,0,0,0,0,1,0,0,0,0,0,0,0,0,0,0,0,1,0,0,0,0,0,0,0,0,0,0,0,1
2025-10-12,3.2,0.075,1.0,4.255000000000001,0.22,52.71,2.2649999999999997,457.0,26.9,1.6591800043289147,3.32862668882732,255,1,0,0,0,0,0,0,0,0,1,0,0,0,0,0,0,0,0,0,0,0,1,0,0,0,0,0,0,0,0,0,0,0,1
2025-10-13,2.2,0.075,0.95,4.220000000000001,0.225,52.62,2.225,455.0,25.0,1.6524974018945475,3.258096538021482,256,1,0,0,0,0,0,0,0,0,1,0,0,0,0,0,0,0,0,0,0,0,1,0,0,0,0,0,0,0,0,0,0,0,1
2025-10-14,2.3,0.075,0.9,4.15,0.22,52.6,2.215,451.0,25.8,1.6389967146756448,3.288401887516811,257,1,0,0,0,0,0,0,0,0,1,0,0,0,0,0,0,0,0,0,0,0,1,0,0,0,0,0,0,0,0,0,0,0,1
2025-10-15,2.6,0.075,0.95,4.029999999999999,0.22,52.465,2.2350000000000003,458.0,25.9,1.6154199841116477,3.292126286607793,258,1,0,0,0,0,0,0,0,0,1,0,0,0,0,0,0,0,0,0,0,0,1,0,0,0,0,0,0,0,0,0,0,0,1
2025-10-16,1.5,0.075,0.9,3.95,0.22,52.59,2.305,469.0,24.1,1.599387576580599,3.2228678461377385,259,1,0,0,0,0,0,0,0,0,1,0,0,0,0,0,0,0,0,0,0,0,1,0,0,0,0,0,0,0,0,0,0,0,1
2025-10-17,1.4,0.075,0.9,4.08,0.225,52.575,2.28,472.0,23.8,1.6253112615903906,3.2108436531709366,260,1,0,0,0,0,0,0,0,0,1,0,0,0,0,0,0,0,0,0,0,0,1,0,0,0,0,0,0,0,0,0,0,0,1
2025-10-18,2.7,0.075,0.9,4.029999999999999,0.225,52.735,2.315,484.0,25.2,1.6154199841116477,3.265759410767051,261,1,0,0,0,0,0,0,0,0,1,0,0,0,0,0,0,0,0,0,0,0,1,0,0,0,0,0,0,0,0,0,0,0,1
2025-10-19,2.4,0.075,0.9,4.08,0.22,52.555,2.295,472.0,25.1,1.6253112615903906,3.261935314328648,262,1,0,0,0,0,0,0,0,0,1,0,0,0,0,0,0,0,0,0,0,0,1,0,0,0,0,0,0,0,0,0,0,0,1
2025-10-20,3.2,0.075,0.9,4.175000000000001,0.2249999999999999,52.68,2.24,456.5,27.9,1.643839339151433,3.3638415951183864,263,1,0,0,0,0,0,0,0,0,1,0,0,0,0,0,0,0,0,0,0,0,1,0,0,0,0,0,0,0,0,0,0,0,1
2025-10-21,2.1,0.075,0.9,4.21,0.2125,52.845,2.134375,454.5,24.8,1.6505798557652755,3.250374491927572,264,1,0,0,0,0,0,0,0,0,1,0,0,0,0,0,0,0,0,0,0,0,1,0,0,0,0,0,0,0,0,0,0,0,1
2025-10-22,2.2,0.075,0.9,4.22,0.22,52.91,2.2249999999999996,451.0,27.4,1.6524974018945473,3.3463891451671604,265,1,0,0,0,0,0,0,0,0,1,0,0,0,0,0,0,0,0,0,0,0,1,0,0,0,0,0,0,0,0,0,0,0,1
2025-10-23,3.2,0.075,0.9,4.210000000000001,0.2249999999999999,52.895,2.3049999999999997,473.5,27.6,1.6505798557652758,3.353406717825807,266,1,0,0,0,0,0,0,0,0,1,0,0,0,0,0,0,0,0,0,0,0,1,0,0,0,0,0,0,0,0,0,0,0,1
2025-10-24,2.2,0.075,0.9,4.109999999999999,0.2299999999999999,52.879999999999995,2.3493749999999998,463.5,25.2,1.631199404215613,3.265759410767051,267,1,0,0,0,0,0,0,0,0,1,0,0,0,0,0,0,0,0,0,0,0,1,0,0,0,0,0,0,0,0,0,0,0,1
2025-10-25,3.1,0.075,0.95,4.220000000000001,0.2125,52.76,2.25,461.5,26.8,1.6524974018945475,3.3250360206965914,268,1,0,0,0,0,0,0,0,0,1,0,0,0,0,0,0,0,0,0,0,0,1,0,0,0,0,0,0,0,0,0,0,0,1
2025-10-26,3.3,0.075,1.1,3.778124999999999,0.2125,52.495000000000005,2.22,442.5,29.8,1.5640482101352897,3.427514689979529,269,1,0,0,0,0,0,0,0,0,1,0,0,0,0,0,0,0,0,0,0,0,1,0,0,0,0,0,0,0,0,0,0,0,1
2025-10-27,2.0,0.075,1.05,3.945,0.22,52.510000000000005,2.215,454.5,29.8,1.5983769650746753,3.427514689979529,270,1,0,0,0,0,0,0,0,0,1,0,0,0,0,0,0,0,0,0,0,0,1,0,0,0,0,0,0,0,0,0,0,0,1
2025-10-28,4.0,0.075,1.0,4.0,0.225,52.825,2.3049999999999997,473.5,30.5,1.6094379124341003,3.449987545831587,271,1,0,0,0,0,0,0,0,0,1,0,0,0,0,0,0,0,0,0,0,0,1,0,0,0,0,0,0,0,0,0,0,0,1
2025-10-29,2.2,0.075,1.1,3.97,0.22,52.83,2.21,457.0,32.325,1.6034198401085373,3.5063078660647724,272,1,0,0,0,0,0,0,0,0,1,0,0,0,0,0,0,0,0,0,0,0,1,0,0,0,0,0,0,0,0,0,0,0,1
2025-10-30,2.0,0.075,1.05,4.1000000000000005,0.21625,52.7475,2.195,456.5,28.3125,1.6292405397302803,3.378014046206498,273,1,0,0,0,0,0,0,0,0,1,0,0,0,0,0,0,0,0,0,0,0,1,0,0,0,0,0,0,0,0,0,0,0,1
2025-10-31,1.8,0.075,1.0,4.23,0.2125,52.665,2.1799999999999997,456.0,24.3,1.6544112780768316,3.2308043957334744,274,1,0,0,0,0,0,0,0,0,1,0,0,0,0,0,0,0,0,0,0,0,1,0,0,0,0,0,0,0,0,0,0,0,1
2025-11-01,1.9124999999999994,0.075,1.0,4.3325,0.215,52.59,2.22,446.0,24.35,1.6738201713633685,3.232778730037192,275,1,0,0,0,0,0,0,0,0,0,1,0,0,0,0,0,0,0,0,0,0,1,0,0,0,0,0,0,0,0,0,0,0,1
2025-11-02,2.4,0.075,1.0,4.029999999999999,0.22,52.8,2.2,450.0,25.0,1.6154199841116477,3.258096538021482,276,1,0,0,0,0,0,0,0,0,0,1,0,0,0,0,0,0,0,0,0,0,1,0,0,0,0,0,0,0,0,0,0,0,1
2025-11-03,2.4,0.08,0.9,4.109999999999999,0.2249999999999999,52.66,2.265,460.5,27.35,1.631199404215613,3.3446270301737613,277,1,0,0,0,0,0,0,0,0,0,1,0,0,0,0,0,0,0,0,0,0,1,0,0,0,0,0,0,0,0,0,0,0,1
2025-11-04,3.5,0.08,0.9,4.08,0.235,52.905,2.2350000000000003,452.5,28.15,1.6253112615903906,3.3724549127965013,278,1,0,0,0,0,0,0,0,0,0,1,0,0,0,0,0,0,0,0,0,0,1,0,0,0,0,0,0,0,0,0,0,0,1
2025-11-05,3.7,0.085,0.9,4.07,0.225,52.58,2.28,467.5,26.25,1.623340817603092,3.305053521109253,279,1,0,0,0,0,0,0,0,0,0,1,0,0,0,0,0,0,0,0,0,0,1,0,0,0,0,0,0,0,0,0,0,0,1
2025-11-06,3.2,0.08,1.0,3.925,0.215,52.805,2.22,452.5,28.1,1.5943242746240522,3.370738174177447,280,1,0,0,0,0,0,0,0,0,0,1,0,0,0,0,0,0,0,0,0,0,1,0,0,0,0,0,0,0,0,0,0,0,1
2025-11-07,3.4,0.075,1.0,3.955,0.215,52.635000000000005,2.225,466.5,27.9,1.6003971677819513,3.3638415951183864,281,1,0,0,0,0,0,0,0,0,0,1,0,0,0,0,0,0,0,0,0,0,1,0,0,0,0,0,0,0,0,0,0,0,1
2025-11-08,3.6,0.07,1.0,4.194999999999999,0.23999999999999994,52.7375,2.1425,451.0,30.25,1.6476966245511906,3.4420193761824107,282,1,0,0,0,0,0,0,0,0,0,1,0,0,0,0,0,0,0,0,0,0,0,1,0,0,0,0,0,0,0,0,0,0,1
2025-11-09,3.4,0.07,1.0,3.87,0.235,52.685,2.17,485.0,27.55,1.5830939370944985,3.351656936102019,283,1,0,0,0,0,0,0,0,0,0,1,0,0,0,0,0,0,0,0,0,0,1,0,0,0,0,0,0,0,0,0,0,0,1
2025-11-10,3.0,0.07,1.0,4.1675,0.23999999999999994,52.7725,2.2224999999999997,460.25,31.85,1.6423890125737863,3.4919517449306197,284,1,0,0,0,0,0,0,0,0,0,1,0,0,0,0,0,0,0,0,0,0,0,1,0,0,0,0,0,0,0,0,0,0,1
2025-11-11,3.6,0.07,1.0,3.89,0.22,52.58,2.285,462.5,28.15,1.5871923034867808,3.3724549127965013,285,1,0,0,0,0,0,0,0,0,0,1,0,0,0,0,0,0,0,0,0,0,1,0,0,0,0,0,0,0,0,0,0,0,1
2025-11-12,3.1,0.07,1.0,3.94,0.22,52.705,2.315,457.0,29.0,1.597365331199831,3.4011973816621555,286,1,0,0,0,0,0,0,0,0,0,1,0,0,0,0,0,0,0,0,0,0,1,0,0,0,0,0,0,0,0,0,0,0,1
2025-11-13,3.6,0.07,1.1,4.0649999999999995,0.215,52.650000000000006,2.3049999999999997,469.0,31.85,1.6223541377006465,3.4919517449306197,287,1,0,0,0,0,0,0,0,0,0,1,0,0,0,0,0,0,0,0,0,0,1,0,0,0,0,0,0,0,0,0,0,0,1
2025-11-14,2.4,0.065,1.1,3.8025,0.23999999999999994,52.75,2.2024999999999997,453.75,27.33,1.5691366156605746,3.3439213138424253,288,1,0,0,0,0,0,0,0,0,0,1,0,0,0,0,0,0,0,0,0,0,0,1,0,0,0,0,0,0,0,0,0,0,1
2025-11-15,3.2,0.07,1.1,3.91,0.225,52.58,2.225,449.5,27.25,1.5912739418064292,3.34109345759245,289,1,0,0,0,0,0,0,0,0,0,1,0,0,0,0,0,0,0,0,0,0,1,0,0,0,0,0,0,0,0,0,0,0,1
2025-11-16,3.4,0.075,1.1,4.0200000000000005,0.225,52.89,2.275,456.5,29.0,1.613429933703638,3.4011973816621555,290,1,0,0,0,0,0,0,0,0,0,1,0,0,0,0,0,0,0,0,0,0,1,0,0,0,0,0,0,0,0,0,0,0,1
2025-11-17,2.4,0.07,1.0,3.99,0.215,52.34,2.295,470.0,27.95,1.6074359097634274,3.3655702040190043,291,1,0,0,0,0,0,0,0,0,0,1,0,0,0,0,0,0,0,0,0,0,1,0,0,0,0,0,0,0,0,0,0,0,1
2025-11-18,2.9,0.07,0.9,3.975,0.22,52.540000000000006,2.265,469.0,28.8,1.604425370610556,3.3945083935113587,292,1,0,0,0,0,0,0,0,0,0,1,0,0,0,0,0,0,0,0,0,0,1,0,0,0,0,0,0,0,0,0,0,0,1
2025-11-19,2.8,0.07,0.9,4.005,0.215,52.52,2.295,472.0,29.0,1.6104374127671839,3.4011973816621555,293,1,0,0,0,0,0,0,0,0,0,1,0,0,0,0,0,0,0,0,0,0,1,0,0,0,0,0,0,0,0,0,0,0,1
2025-11-20,3.3,0.07,1.0,3.95,0.21,52.56,2.285,451.0,28.95,1.599387576580599,3.3995293245614584,294,1,0,0,0,0,0,0,0,0,0,1,0,0,0,0,0,0,0,0,0,0,1,0,0,0,0,0,0,0,0,0,0,0,1
2025-11-21,4.1,0.075,1.0,4.055,0.2,52.72,2.2225,449.0,33.85,1.6203778524724346,3.551053137206533,295,1,0,0,0,0,0,0,0,0,0,1,0,0,0,0,0,0,0,0,0,0,0,0,0,1,0,0,0,0,0,0,0,0,1
2025-11-22,4.612500000000001,0.075,1.3,4.115,0.2,52.6,2.23,447.0,35.0,1.6321773994035897,3.58351893845611,296,1,0,0,0,0,0,0,0,0,0,1,0,0,0,0,0,0,0,0,0,0,1,0,0,0,0,0,0,0,0,0,0,0,1
2025-11-23,3.1,0.075,1.2,4.074999999999999,0.215,52.895,2.22,449.0,31.75,1.624326524927851,3.488902962081261,297,1,0,0,0,0,0,0,0,0,0,1,0,0,0,0,0,0,0,0,0,0,1,0,0,0,0,0,0,0,0,0,0,0,1
2025-11-24,4.0,0.08,1.3,3.985,0.205,52.825,2.21,447.0,36.1,1.6064334034138017,3.6136169696133895,298,1,0,0,0,0,0,0,0,0,0,1,0,0,0,0,0,0,0,0,0,0,1,0,0,0,0,0,0,0,0,0,0,0,1
2025-11-25,3.8,0.08,1.4,4.145,0.205,52.95,2.21,463.5,37.75,1.638025369286013,3.657130755799356,299,1,0,0,0,0,0,0,0,0,0,1,0,0,0,0,0,0,0,0,0,0,1,0,0,0,0,0,0,0,0,0,0,0,1
2025-11-26,2.7,0.08,1.3,3.905,0.205,52.885000000000005,2.2649999999999997,473.5,34.0,1.5902550930173263,3.5553480614894135,300,1,0,0,0,0,0,0,0,0,0,1,0,0,0,0,0,0,0,0,0,0,1,0,0,0,0,0,0,0,0,0,0,0,1
2025-11-27,3.5,0.08,1.3,4.26,0.22,52.83,2.265,459.0,35.75,1.6601310267496185,3.6041382256588457,301,1,0,0,0,0,0,0,0,0,0,1,0,0,0,0,0,0,0,0,0,0,1,0,0,0,0,0,0,0,0,0,0,0,1
2025-11-28,3.2,0.08,1.2,4.074999999999999,0.22,52.95,2.215,450.5,37.9,1.624326524927851,3.6609942506244004,302,1,0,0,0,0,0,0,0,0,0,1,0,0,0,0,0,0,0,0,0,0,1,0,0,0,0,0,0,0,0,0,0,0,1
2025-11-29,3.5,0.08,1.2,4.085,0.22,52.925,2.3049999999999997,475.5,34.95,1.6262950295005232,3.5821290841670557,303,1,0,0,0,0,0,0,0,0,0,1,0,0,0,0,0,0,0,0,0,0,1,0,0,0,0,0,0,0,0,0,0,0,1
2025-11-30,3.6,0.08,1.2,4.15,0.22,52.849999999999994,2.2350000000000003,463.5,37.25,1.6389967146756448,3.644143560272545,304,1,0,0,0,0,0,0,0,0,0,1,0,0,0,0,0,0,0,0,0,0,1,0,0,0,0,0,0,0,0,0,0,0,1
2025-12-01,2.9,0.08,1.1,4.085,0.22,52.97,2.26,460.5,34.1,1.6262950295005232,3.55820113047182,305,1,0,0,0,0,0,0,0,0,0,0,1,0,0,0,0,0,0,0,0,0,1,0,0,0,0,0,0,0,0,0,0,0,1
2025-12-02,2.6,0.076,1.1,4.01,0.215,52.895,2.2750000000000004,458.5,30.9,1.6114359150967734,3.462606009790799,306,1,0,0,0,0,0,0,0,0,0,0,1,0,0,0,0,0,0,0,0,0,1,0,0,0,0,0,0,0,0,0,0,0,1
2025-12-03,2.5,0.075,0.95,4.195,0.235,52.9,2.245,471.5,31.6,1.6476966245511908,3.484312288372662,307,1,0,0,0,0,0,0,0,0,0,0,1,0,0,0,0,0,0,0,0,0,1,0,0,0,0,0,0,0,0,0,0,0,1
2025-12-04,3.3,0.075,0.9,4.215,0.23,52.925,2.255,441.0,30.7,1.6515390884527357,3.456316680883235,308,1,0,0,0,0,0,0,0,0,0,0,1,0,0,0,0,0,0,0,0,0,1,0,0,0,0,0,0,0,0,0,0,0,1
2025-12-05,4.2,0.075,1.0,4.27,0.2233333333333333,52.9,2.2833333333333337,461.0,31.0,1.6620303625532709,3.4657359027997265,309,1,0,0,0,0,0,0,0,0,0,0,1,0,0,0,0,0,0,0,0,0,0,0,0,0,0,0,0,0,1,0,0,0,1
2025-12-06,3.3,0.075,1.2,4.27,0.225,52.915,2.27,463.0,31.7,1.6620303625532709,3.4873750779032076,310,1,0,0,0,0,0,0,0,0,0,0,1,0,0,0,0,0,0,0,0,0,0,0,0,0,0,0,0,0,0,1,0,0,1
2025-12-07,2.6,0.08,1.1,4.276666666666666,0.2133333333333333,52.89000000000001,2.2533333333333334,461.3333333333333,30.9,1.663294585224811,3.462606009790799,311,1,0,0,0,0,0,0,0,0,0,0,1,0,0,0,0,0,0,0,0,0,0,0,0,0,0,0,0,0,0,0,1,0,1
2025-12-08,3.0,0.08,1.0,4.390000000000001,0.22,52.93,2.275,462.5,35.3,1.684545384920906,3.591817741270805,312,1,0,0,0,0,0,0,0,0,0,0,1,0,0,0,0,0,0,0,0,0,1,0,0,0,0,0,0,0,0,0,0,0,1
2025-12-09,2.3,0.08,0.93,4.49,0.2266666666666666,52.876666666666665,2.2566666666666664,457.3333333333333,28.0,1.7029282555214393,3.367295829986474,313,1,0,0,0,0,0,0,0,0,0,0,1,0,0,0,0,0,0,0,0,0,0,0,0,0,0,0,0,0,1,0,0,0,1
2025-12-10,2.6,0.08,0.9,4.465,0.23,52.87,2.245,456.5,27.0,1.698364121628502,3.332204510175204,314,1,0,0,0,0,0,0,0,0,0,0,1,0,0,0,0,0,0,0,0,0,1,0,0,0,0,0,0,0,0,0,0,0,1
2025-12-11,1.9,0.08,0.9,4.13,0.225,52.864999999999995,2.295,472.5,29.4,1.6351056591826783,3.414442608412176,315,1,0,0,0,0,0,0,0,0,0,0,1,0,0,0,0,0,0,0,0,0,1,0,0,0,0,0,0,0,0,0,0,0,1
2025-12-12,4.2,0.08,1.0,4.3133333333333335,0.2133333333333333,52.93666666666667,2.21,438.3333333333333,27.9,1.6702193846939593,3.3638415951183864,316,1,0,0,0,0,0,0,0,0,0,0,1,0,0,0,0,0,0,0,0,0,0,0,0,0,0,0,0,0,0,0,1,0,1
2025-12-13,3.0,0.08,1.1,4.375,0.205,52.935,2.25,461.5,26.0,1.6817585740137264,3.295836866004329,317,1,0,0,0,0,0,0,0,0,0,0,1,0,0,0,0,0,0,0,0,0,1,0,0,0,0,0,0,0,0,0,0,0,1
2025-12-14,3.9,0.08,1.1,4.275,0.21,52.849999999999994,2.215,446.0,27.7,1.6629786793621302,3.3568971227655755,318,1,0,0,0,0,0,0,0,0,0,0,1,0,0,0,0,0,0,0,0,0,1,0,0,0,0,0,0,0,0,0,0,0,1
2025-12-15,3.2,0.08,1.0,4.327500000000001,0.2275,52.8375,2.2825,469.25,30.2,1.6728820849906352,3.4404180948154366,319,1,0,0,0,0,0,0,0,0,0,0,1,0,0,0,0,0,0,0,0,0,0,0,1,0,0,0,0,0,0,0,0,0,1
2025-12-16,3.4,0.08,1.0,4.16,0.23,52.78833333333334,2.28,444.5,30.1,1.6409365794934714,3.4372078191851885,320,1,0,0,0,0,0,0,0,0,0,0,1,0,0,0,0,0,0,0,0,0,0,0,0,0,0,0,0,0,0,1,0,0,1
2025-12-17,2.9,0.08,1.0,4.043333333333333,0.2233333333333333,52.906666666666666,2.1866666666666674,457.3333333333333,27.5,1.6180672391321549,3.349904087274605,321,1,0,0,0,0,0,0,0,0,0,0,1,0,0,0,0,0,0,0,0,0,0,0,0,0,0,0,0,0,0,0,0,1,1
2025-12-18,2.1,0.08,1.0,4.465,0.22,52.9,2.245,465.0,26.2,1.698364121628502,3.3032169733019514,322,1,0,0,0,0,0,0,0,0,0,0,1,0,0,0,0,0,0,0,0,0,1,0,0,0,0,0,0,0,0,0,0,0,1
2025-12-19,2.9,0.08,1.0,4.525,0.215,52.905,2.3200000000000003,476.5,26.9,1.7092832474038167,3.32862668882732,323,1,0,0,0,0,0,0,0,0,0,0,1,0,0,0,0,0,0,0,0,0,1,0,0,0,0,0,0,0,0,0,0,0,1
2025-12-20,3.6,0.08,1.0,4.503333333333333,0.23,52.85666666666666,2.2266666666666666,443.3333333333333,27.5,1.7053539692639268,3.349904087274605,324,1,0,0,0,0,0,0,0,0,0,0,1,0,0,0,0,0,0,0,0,0,0,0,0,0,0,0,0,0,1,0,0,0,1
2025-12-21,3.6,0.08,1.0,4.470000000000001,0.225,53.015,2.255,457.0,31.0,1.69927861643389,3.4657359027997265,325,1,0,0,0,0,0,0,0,0,0,0,1,0,0,0,0,0,0,0,0,0,0,0,0,0,0,0,0,0,1,0,0,0,1
2025-12-22,2.9,0.08,1.0,4.425000000000001,0.235,53.01,2.3200000000000003,473.5,36.2,1.6910178994265235,3.616308761279101,326,1,0,0,0,0,0,0,0,0,0,0,1,0,0,0,0,0,0,0,0,0,0,0,0,0,0,0,0,0,1,0,0,0,1
2025-12-23,3.1,0.08,1.0,4.48,0.22,53.015,2.285,468.5,27.6,1.7011051009599243,3.353406717825807,327,1,0,0,0,0,0,0,0,0,0,0,1,0,0,0,0,0,0,0,0,0,0,0,0,0,0,0,0,0,1,0,0,0,1
2025-12-24,3.0,0.08,1.0,4.619999999999999,0.22,52.95,2.3099999999999996,466.0,31.9,1.7263316639055997,3.493472657771326,328,1,0,0,0,0,0,0,0,0,0,0,1,0,0,0,0,0,0,0,0,0,0,0,0,0,0,0,0,0,0,1,0,0,1
2025-12-25,3.1,0.08,1.0,4.645,0.205,52.925,2.295,475.0,31.9,1.7307701976016252,3.493472657771326,329,1,0,0,0,0,0,0,0,0,0,0,1,0,0,0,0,0,0,0,0,0,0,0,0,0,0,0,0,0,0,1,0,0,1
2025-12-26,3.5,0.08,1.2,4.4725,0.19875000000000004,52.78833333333334,2.2825,470.0,33.4,1.699735550414881,3.5380565643793527,330,1,0,0,0,0,0,0,0,0,0,0,1,0,0,0,0,0,0,0,0,0,0,0,0,0,0,0,0,0,0,0,1,0,1
2025-12-27,2.5,0.075,1.0,4.295,0.21,52.92,2.265,483.0,29.3,1.6667629790533698,3.4111477125153233,331,1,0,0,0,0,0,0,0,0,0,0,1,0,0,0,0,0,0,0,0,0,0,0,0,0,0,0,0,0,0,1,0,0,1
2025-12-28,2.6,0.075,1.0,4.035,0.215,52.93,2.315,473.5,34.7,1.6164135261705257,3.5751506887855933,332,1,0,0,0,0,0,0,0,0,0,0,1,0,0,0,0,0,0,0,0,0,0,0,0,0,0,0,0,0,0,1,0,0,1
2025-12-29,3.0,0.075,1.0,4.46,0.215,52.879999999999995,2.315,474.5,33.4,1.6974487897568136,3.5380565643793527,333,1,0,0,0,0,0,0,0,0,0,0,1,0,0,0,0,0,0,0,0,0,0,0,0,0,0,0,0,0,0,1,0,0,1
2025-12-30,3.1,0.075,1.0,4.28,0.22,52.91,2.3599999999999994,484.0,34.1,1.6639260977181702,3.55820113047182,334,1,0,0,0,0,0,0,0,0,0,0,1,0,0,0,0,0,0,0,0,0,0,0,0,0,0,0,0,0,0,1,0,0,1
2025-12-31,3.7,0.075,1.020833333,4.415,0.215,52.78833333333334,2.3,470.0,34.6,1.689172880452954,3.572345637857985,335,1,0,0,0,0,0,0,0,0,0,0,1,0,0,0,0,0,0,0,0,0,0,0,0,0,0,0,0,0,0,1,0,0,1
