date,acid_dosing_pct,bleaching_earth_dosing_pct,feed_tank,feed_ffa_pct,feed_mi_pct,feed_iv,feed_dobi,feed_car_pv,feed_p_ppm,feed_type,rbd_tank,rbd_ffa_pct,rbd_mi_pct,rbd_iv,rbd_pv,rbd_color,rbd_odor,rbd_p_ppm,rbd_type,sheet_name,month,time_trend,missing_transition_phase,month_1,month_2,month_3,month_4,month_5,month_6,month_7,month_8,month_9,month_10,month_11,month_12,log_feed_ffa_pct,log_feed_p_ppm,log_rbd_p_ppm
2025-01-01,0.065,1.12,TK3,4.4,0.24750000000000003,52.0,2.13,442.0,28.5,CPO,ST14,0.05243269230769239,0.0104999999999999,51.76520833333335,0.0,2.071428571428571,8.0,1.3,RBDPO,January 2025,1,1,0,1,0,0,0,0,0,0,0,0,0,0,0,1.6863989535702288,3.3843902633457743,0.832909122935104
2025-01-02,0.065,1.12,TK3,4.4,0.24750000000000003,52.0,2.13,442.0,28.5,CPO,ST14,0.05243269230769239,0.0104999999999999,51.76520833333335,0.0,2.071428571428571,8.0,1.3,RBDPO,January 2025,1,2,0,1,0,0,0,0,0,0,0,0,0,0,0,1.6863989535702288,3.3843902633457743,0.832909122935104
2025-01-03,0.065,1.12,TK3,4.4,0.24750000000000003,52.0,2.13,442.0,28.5,CPO,ST14,0.05243269230769239,0.0104999999999999,51.76520833333335,0.0,2.071428571428571,8.0,1.3,RBDPO,January 2025,1,3,0,1,0,0,0,0,0,0,0,0,0,0,0,1.6863989535702288,3.3843902633457743,0.832909122935104
2025-01-04,0.065,1.12,TK3,3.92,0.24750000000000003,52.34,2.14,442.0,28.5,CPO,ST14,0.05243269230769239,0.0104999999999999,51.76520833333335,0.0,2.071428571428571,8.0,1.3,RBDPO,January 2025,1,4,0,1,0,0,0,0,0,0,0,0,0,0,0,1.5933085305042167,3.3843902633457743,0.832909122935104
2025-01-05,0.065,1.0,TK3,3.925,0.21,52.33,2.215,457.0,27.7,CPO,ST14,0.0554999999999999,0.011,51.82,0.0186666666666666,2.0750000000000006,8.0,1.8,RBDPO,January 2025,1,5,0,1,0,0,0,0,0,0,0,0,0,0,0,1.5943242746240522,3.3568971227655755,1.0296194171811583
2025-01-06,0.065,1.05,TK3,4.1850000000000005,0.215,52.015,2.25,442.0,32.6,CPO,ST14,0.057,0.012,51.895,0.0,2.1727272727272724,8.0,1.5,RBDPO,January 2025,1,6,0,1,0,0,0,0,0,0,0,0,0,0,0,1.6457698416814908,3.5145260669691587,0.9162907318741551
2025-01-07,0.065,1.2,TK3,4.234999999999999,0.235,52.175,2.29,455.0,30.7,CPO,ST14/ST15,0.06025,0.0125,52.24666666666667,0.0,2.2583333333333333,8.0,2.1,RBDPO,January 2025,1,7,0,1,0,0,0,0,0,0,0,0,0,0,0,1.6553668443225,3.456316680883235,1.1314021114911006
2025-01-08,0.065,1.2,TK3,4.265000000000001,0.205,52.195,2.275,463.0,31.7,CPO,ST14,0.0615,0.012,52.08,0.0,2.2416666666666663,8.0,2.0,RBDPO,January 2025,1,8,0,1,0,0,0,0,0,0,0,0,0,0,0,1.661081145585939,3.4873750779032076,1.0986122886681098
2025-01-09,0.067,1.2,TK3,4.1850000000000005,0.2,52.11,2.23,448.0,28.6,CPO,ST14,0.06025,0.012,52.225,0.0,2.15,8.0,2.1,RBDPO,January 2025,1,9,0,1,0,0,0,0,0,0,0,0,0,0,0,1.6457698416814908,3.3877743613300146,1.1314021114911006
2025-01-10,0.065,1.2,TK3,4.245,0.205,52.215,2.26,459.0,27.1,CPO,ST14,0.0670833333333333,0.012,52.125,0.0,2.2,8.0,2.4,RBDPO,January 2025,1,10,0,1,0,0,0,0,0,0,0,0,0,0,0,1.6572752418482606,3.3357695763397,1.2237754316221157
2025-01-11,0.065,1.18,TK3,4.065,0.21,52.375,2.29,464.5,28.7,CPO,ST14,0.0665,0.012,52.065,0.0,2.233333333333333,8.0,2.3,RBDPO,January 2025,1,11,0,1,0,0,0,0,0,0,0,0,0,0,0,1.6223541377006467,3.391147045808654,1.1939224684724346
2025-01-12,0.065,1.2,TK3,4.035,0.2,52.14,2.25,451.5,29.3,CPO,ST14,0.0694166666666666,0.011,52.0,0.0,2.166666666666667,8.0,2.6,RBDPO,January 2025,1,12,0,1,0,0,0,0,0,0,0,0,0,0,0,1.6164135261705257,3.4111477125153233,1.2809338454620642
2025-01-13,0.065,1.1,TK3,3.835,0.215,52.14,2.285,461.0,29.1,CPO,ST14,0.0620833333333333,0.0125,52.02,0.0,2.225,8.0,2.9,RBDPO,January 2025,1,13,0,1,0,0,0,0,0,0,0,0,0,0,0,1.5758811289052577,3.40452517175483,1.3609765531356006
2025-01-14,0.065,1.1,TK3/NT2,4.140000000000001,0.22,52.14333333333334,2.28,465.0,31.0,CPO,ST14,0.0603333333333333,0.012,51.989999999999995,0.0,2.2916666666666665,8.0,3.1,RBDPO,January 2025,1,14,0,1,0,0,0,0,0,0,0,0,0,0,0,1.637053079467074,3.4657359027997265,1.410986973710262
2025-01-15,0.065,1.24,NT2/TK3,4.39,0.2066666666666666,52.22666666666667,2.103333333333333,455.6666666666667,30.1,CPO,ST14,0.0623076923076922,0.012,52.035,0.0,2.3230769230769237,8.0,3.2,RBDPO,January 2025,1,15,0,1,0,0,0,0,0,0,0,0,0,0,0,1.6845453849209058,3.4372078191851885,1.4350845252893227
2025-01-16,0.065,1.24,TK3/NT3,4.333333333333334,0.2133333333333333,52.07,2.14,448.3333333333333,30.8,CPO,ST14,0.0639166666666666,0.0115,51.96333333333333,0.0,2.5533333333333337,8.0,3.3,RBDPO,January 2025,1,16,0,1,0,0,0,0,0,0,0,0,0,0,0,1.6739764335716716,3.459466289786131,1.4586150226995167
2025-01-17,0.065,1.46,TK3,3.44,0.21,52.02,1.9525000000000001,322.0,27.1,CPO,ST14/ST15,0.05725,0.011,51.93333333333334,0.0,2.116666666666667,8.0,2.3,RBDPO,January 2025,1,17,0,1,0,0,0,0,0,0,0,0,0,0,0,1.4906543764441333,3.3357695763397,1.1939224684724346
2025-01-18,0.065,1.3,TK3/NT1,3.47,0.21,52.04666666666666,1.9525000000000001,376.0,26.9,CPO,ST14,0.059,0.012,51.985,0.0,2.1916666666666664,8.0,2.6,RBDPO,January 2025,1,18,0,1,0,0,0,0,0,0,0,0,0,0,0,1.4973884086254776,3.32862668882732,1.2809338454620642
2025-01-19,0.065,1.4,NT1/NT2,4.3533333333333335,0.2133333333333333,52.13,2.14,440.3333333333333,28.7,CPO,ST14/ST15,0.0601666666666666,0.012,52.096666666666664,0.0,2.308333333333333,8.0,2.5,RBDPO,January 2025,1,19,0,1,0,0,0,0,0,0,0,0,0,0,0,1.6777194198505059,3.391147045808654,1.252762968495368
2025-01-20,0.065,1.5,NT2/NT3,4.484999999999999,0.215,52.129999999999995,2.225,462.5,34.0,CPO,ST14/ST15,0.0608333333333333,0.012,52.196666666666665,0.0,2.2499999999999996,8.0,2.7,RBDPO,January 2025,1,20,0,1,0,0,0,0,0,0,0,0,0,0,0,1.7020170937271935,3.5553480614894135,1.308332819650179
2025-01-21,0.065,1.5,NT2,4.645,0.215,52.25,2.29,469.0,34.9,CPO,ST14/ST15,0.0647499999999999,0.012,52.25,0.0,2.2,8.0,3.4,RBDPO,January 2025,1,21,0,1,0,0,0,0,0,0,0,0,0,0,0,1.7307701976016252,3.580737295494233,1.4816045409242156
2025-01-22,0.07,1.6,NT2/NT3,4.725,0.235,52.065,2.23,459.5,42.5125,CPO,ST14,0.0612142857142857,0.012,52.0425,0.0,2.3,8.0,3.8,RBDPO,January 2025,1,22,0,1,0,0,0,0,0,0,0,0,0,0,0,1.7448425494403033,3.7730482531375573,1.5686159179138452
2025-01-23,0.07,1.7,NT3,4.734999999999999,0.225,52.22,2.205,465.0,41.7,CPO,ST14,0.0629999999999999,0.011,51.965,0.0,2.2,8.0,3.2,RBDPO,January 2025,1,23,0,1,0,0,0,0,0,0,0,0,0,0,0,1.7465877505813339,3.754198920234579,1.4350845252893227
2025-01-24,0.07,1.7,NT3,4.78,0.225,52.114999999999995,2.205,463.0,40.5,CPO,ST14/ST15,0.0665,0.012,51.98,0.0,2.175,8.0,3.1,RBDPO,January 2025,1,24,0,1,0,0,0,0,0,0,0,0,0,0,0,1.7544036826842861,3.7256934272366524,1.410986973710262
2025-01-25,0.07,1.67,NT3,4.805,0.225,52.065,1.9525000000000001,368.5,37.3,CPO,ST14,0.0676153846153846,0.012,51.98,0.0,2.2,8.0,2.8,RBDPO,January 2025,1,25,0,1,0,0,0,0,0,0,0,0,0,0,0,1.7587196151498548,3.6454498961866,1.33500106673234
2025-01-26,0.07,1.7,NT3,4.9,0.225,52.125,2.165,425.0,38.5,CPO,ST14,0.0658333333333333,0.012937500000000001,52.099999999999994,0.0,2.2166666666666663,8.0,3.0,RBDPO,January 2025,1,26,0,1,0,0,0,0,0,0,0,0,0,0,0,1.7749523509116738,3.676300671907076,1.3862943611198906
2025-01-27,0.07,1.7,NT3,4.855,0.215,52.1,2.215,440.0,32.8,CPO,ST14,0.0630833333333333,0.012,51.98,0.0,2.1833333333333336,8.0,1.5,RBDPO,January 2025,1,27,0,1,0,0,0,0,0,0,0,0,0,0,0,1.7672959970496807,3.520460802488973,0.9162907318741551
2025-01-28,0.07,1.68,NT3,4.78,0.215,52.135000000000005,2.24,453.5,29.0,CPO,ST14/ST15,0.0654615384615384,0.012,51.973333333333336,0.0,2.3533333333333335,8.0,0.9,RBDPO,January 2025,1,28,0,1,0,0,0,0,0,0,0,0,0,0,0,1.7544036826842861,3.4011973816621555,0.6418538861723948
2025-01-29,0.07,1.7,NT3,4.85,0.205,52.17,2.265,446.0,28.9,CPO,ST14/ST15,0.0654615384615384,0.011,51.925,0.0,2.1923076923076925,8.0,1.6,RBDPO,January 2025,1,29,0,1,0,0,0,0,0,0,0,0,0,0,0,1.766441661243765,3.3978584803966405,0.9555114450274363
2025-01-30,0.07,1.6,NT3,5.09,0.205,52.04,2.26,459.5,35.5,CPO,ST14,0.063,0.011,51.955,0.0,2.116666666666667,8.0,1.0,RBDPO,January 2025,1,30,0,1,0,0,0,0,0,0,0,0,0,0,0,1.8066480817218056,3.597312260588446,0.6931471805599453
2025-01-31,0.07,1.8,NT3,5.135,0.22,52.06,2.27,451.5,30.9,CPO,ST14,0.0649166666666666,0.012937500000000001,52.120000000000005,0.0,2.2416666666666663,8.0,1.8,RBDPO,January 2025,1,31,0,1,0,0,0,0,0,0,0,0,0,0,0,1.8140100781628747,3.462606009790799,1.0296194171811583
2025-02-01,0.07,1.8,NT3,5.23,0.21,52.195,2.26,463.0,29.1,CPO,ST14/ST15,0.06375,0.011,52.06,0.0,2.241666666666667,8.0,1.7,RBDPO,February 2025,2,32,0,0,1,0,0,0,0,0,0,0,0,0,0,1.8293763327993617,3.40452517175483,0.9932517730102833
2025-02-02,0.07,1.8,NT3,5.4350000000000005,0.22,52.185,2.28,457.5,30.9,CPO,ST14,0.0637499999999999,0.0125,51.995000000000005,0.0,2.108333333333334,8.0,1.2,RBDPO,February 2025,2,33,0,0,1,0,0,0,0,0,0,0,0,0,0,1.86175184104809,3.462606009790799,0.7884573603642702
2025-02-03,0.07,1.8,NT3,5.145,0.21,52.075,2.27,464.0,32.3,CPO,ST14,0.0633076923076923,0.011,51.93,0.0,2.115384615384616,8.0,1.2,RBDPO,February 2025,2,34,0,0,1,0,0,0,0,0,0,0,0,0,0,1.815638743017998,3.505557396986398,0.7884573603642702
2025-02-04,0.07,1.8,NT3/TK3,5.2700000000000005,0.2133333333333333,52.151666666666664,2.27,462.0,25.4,CPO,ST14,0.0610833333333333,0.0115,51.83,0.0,2.1000000000000005,8.0,0.63,RBDPO,February 2025,2,35,0,0,1,0,0,0,0,0,0,0,0,0,0,1.8357763546448294,3.2733640101522705,0.48858001481867097
2025-02-05,0.07,1.8,TK3,4.904999999999999,0.21,52.129999999999995,2.04,426.5,24.5,CPO,ST14,0.0632499999999999,0.011,51.959999999999994,0.0,2.1749999999999994,8.0,0.9,RBDPO,February 2025,2,36,0,0,1,0,0,0,0,0,0,0,0,0,0,1.7757994496493255,3.2386784521643803,0.6418538861723948
2025-02-06,0.07,1.8,TK3,4.45,0.21,52.295,2.25,448.0,22.9,CPO,ST14,0.0653333333333333,0.012,52.29,0.0,2.166666666666667,8.0,0.77,RBDPO,February 2025,2,37,0,0,1,0,0,0,0,0,0,0,0,0,0,1.6956156086751528,3.173878458937465,0.5709795465857378
2025-02-07,0.07,1.8,TK3/NT1,4.77,0.215,52.285,2.05,449.0,35.3,CPO,ST14/ST5,0.0675833333333333,0.012,52.20666666666667,0.0,2.3833333333333333,8.0,2.425,RBDPO,February 2025,2,38,0,0,1,0,0,0,0,0,0,0,0,0,0,1.7526720805200082,3.591817741270805,1.2311014717141886
2025-02-08,0.07,1.8,NT1/NT2,4.708333333333333,0.2116666666666666,52.23666666666666,2.1133333333333333,441.1666666666667,38.2,CPO,ST14,0.0647499999999999,0.012937500000000001,51.855,0.0,2.1083333333333334,8.0,1.3,RBDPO,February 2025,2,39,0,0,1,0,0,0,0,0,0,0,0,0,0,1.7419270954801793,3.6686767467964168,0.832909122935104
2025-02-09,0.07,1.68,NT2/TK3,4.93,0.215,52.24,2.21,460.5,28.2,CPO,ST14,0.0675,0.0125,52.334999999999994,0.0,2.1500000000000004,8.0,1.2,RBDPO,February 2025,2,40,0,0,1,0,0,0,0,0,0,0,0,0,0,1.780024213009634,3.374168709274236,0.7884573603642702
2025-02-10,0.07,1.5,TK3,4.82,0.225,52.195,2.045,423.5,28.4,CPO,ST14/ST15,0.0670833333333333,0.012,52.14,0.0,2.1916666666666664,8.0,1.0,RBDPO,February 2025,2,41,0,0,1,0,0,0,0,0,0,0,0,0,0,1.7613002617433464,3.380994674344636,0.6931471805599453
2025-02-11,0.07,1.57,TK3,4.745,0.225,52.364999999999995,2.06,434.5,29.6,CPO,ST14/ST15,0.0681666666666666,0.011,52.19,0.0,2.216666666666667,8.0,1.6,RBDPO,February 2025,2,42,0,0,1,0,0,0,0,0,0,0,0,0,0,1.7483299113007191,3.4210000089583352,0.9555114450274363
2025-02-12,0.07,1.63,TK3,4.83,0.23,52.334999999999994,2.255,461.5,31.2,CPO,ST14/ST15,0.0685833333333333,0.012,52.33,0.0,2.291666666666667,8.0,0.6,RBDPO,February 2025,2,43,0,0,1,0,0,0,0,0,0,0,0,0,0,1.763017000362401,3.4719664525503626,0.4700036292457355
2025-02-13,0.07,1.7,TK3,4.5,0.23,52.099999999999994,2.01,445.5,32.7,CPO,ST14,0.0656666666666666,0.012,51.995000000000005,0.0,2.150000000000001,8.0,0.9,RBDPO,February 2025,2,44,0,0,1,0,0,0,0,0,0,0,0,0,0,1.7047480922384253,3.517497837358316,0.6418538861723948
2025-02-14,0.07,1.7,TK3,4.6,0.215,52.255,2.2350000000000003,459.0,37.2,CPO,ST14,0.0659166666666666,0.012,52.195,0.0,2.1583333333333337,8.0,1.4,RBDPO,February 2025,2,45,0,0,1,0,0,0,0,0,0,0,0,0,0,1.7227665977411035,3.6428355156125294,0.8754687373538999
2025-02-15,0.07,1.7,TK3,4.615,0.21,52.07,2.1950000000000003,447.5,31.5,CPO,ST14,0.0657499999999999,0.011,51.925,0.0,2.1999999999999997,8.0,1.7,RBDPO,February 2025,2,46,0,0,1,0,0,0,0,0,0,0,0,0,0,1.7254415881904066,3.481240089335692,0.9932517730102833
2025-02-16,0.07,1.75,TK3,5.244999999999999,0.22,52.120000000000005,2.25,459.0,31.5,CPO,ST14/ST15,0.0706666666666666,0.011,52.035,0.0,2.2846153846153845,8.0,1.8,RBDPO,February 2025,2,47,0,0,1,0,0,0,0,0,0,0,0,0,0,1.8317811435775408,3.481240089335692,1.0296194171811583
2025-02-17,0.07,1.8,TK3,5.235,0.225,52.14,2.27,469.5,31.4,CPO,ST14/ST15,0.0710833333333333,0.0125,52.123333333333335,0.0,2.323076923076923,8.0,1.1,RBDPO,February 2025,2,48,0,0,1,0,0,0,0,0,0,0,0,0,0,1.8301785791319998,3.4781584227982836,0.7419373447293773
2025-02-18,0.07,1.75,TK3,4.739999999999999,0.2266666666666666,52.195,2.25,460.5,35.9,CPO,ST14/ST15,0.071,0.012,52.18666666666667,0.0,2.3666666666666663,8.0,1.4,RBDPO,February 2025,2,49,0,0,1,0,0,0,0,0,0,0,0,0,0,1.747459210331475,3.6082115510464816,0.8754687373538999
2025-02-19,0.07,1.7,TK3,5.234999999999999,0.23,52.31,2.37,449.5,38.875,CPO,ST15,0.0685833333333333,0.012,52.120000000000005,0.0,2.325,8.0,1.0,RBDPO,February 2025,2,50,0,0,1,0,0,0,0,0,0,0,0,0,0,1.8301785791319998,3.6857495611050086,0.6931471805599453
2025-02-20,0.07,1.7,TK3,4.99,0.21,52.239999999999995,2.185,472.5,32.8,CPO,ST14/ST15,0.07325,0.012,52.122499999999995,0.0,2.4083333333333337,8.0,1.3,RBDPO,February 2025,2,51,0,0,1,0,0,0,0,0,0,0,0,0,0,1.7900914121273581,3.520460802488973,0.832909122935104
2025-02-21,0.07,1.7,TK3,5.385,0.21,52.21,2.19,454.5,31.1,CPO,ST14/ST15,0.0764166666666666,0.0115,52.19333333333333,0.0,2.658333333333333,8.0,1.6,RBDPO,February 2025,2,52,0,0,1,0,0,0,0,0,0,0,0,0,0,1.8539514894845026,3.4688560301359703,0.9555114450274363
2025-02-22,0.07,1.7,TK3,4.2,0.23,52.12,2.17,441.0,29.7,CPO,ST15,0.0621666666666666,0.011,51.95,0.0,2.1,8.0,2.425,RBDPO,February 2025,2,53,0,0,1,0,0,0,0,0,0,0,0,0,0,1.6486586255873816,3.4242626545931514,1.2311014717141886
2025-02-23,0.07,1.7,TK3/NT3,5.0,0.2266666666666666,52.30666666666667,2.1733333333333333,452.3333333333333,30.9,CPO,ST11/ST14/ST15,0.0693333333333333,0.0125,52.28666666666667,0.0,2.1500000000000004,8.0,0.8,RBDPO,February 2025,2,54,0,0,1,0,0,0,0,0,0,0,0,0,0,1.791759469228055,3.462606009790799,0.5877866649021191
2025-02-24,0.07,1.7,NT3/TK3,4.98,0.23,52.35666666666667,2.2433333333333336,467.0,31.8,CPO,ST11/ST14/ST15,0.074076923076923,0.012,52.26,0.0,2.353846153846154,8.0,0.8,RBDPO,February 2025,2,55,0,0,1,0,0,0,0,0,0,0,0,0,0,1.7884205679625405,3.4904285153900982,0.5877866649021191
2025-02-25,0.07,1.7,TK3,5.02,0.23,52.155,2.255,462.5,35.0,CPO,ST14,0.0751538461538461,0.012,52.115,0.0,2.430769230769231,8.0,1.2,RBDPO,February 2025,2,56,0,0,1,0,0,0,0,0,0,0,0,0,0,1.7950872593207297,3.58351893845611,0.7884573603642702
2025-02-26,0.07,1.7,TK3/NT3,4.949999999999999,0.22,52.18666666666667,2.223333333333333,447.3333333333333,28.7,CPO,ST11/ST14,0.06575,0.0115,52.11333333333334,0.0,2.4000000000000004,8.0,0.5,RBDPO,February 2025,2,57,0,0,1,0,0,0,0,0,0,0,0,0,0,1.7833912195575383,3.391147045808654,0.4054651081081644
2025-02-27,0.07,1.7,NT3,4.515000000000001,0.22,52.150000000000006,1.9883333333333337,441.0,24.8,CPO,ST11,0.0601666666666666,0.012,52.06,0.0,2.066666666666667,8.0,0.4,RBDPO,February 2025,2,58,0,0,1,0,0,0,0,0,0,0,0,0,0,1.7074716527054659,3.250374491927572,0.33647223662121295
2025-02-28,0.07,1.7,NT3/NT1,4.646666666666667,0.22,52.19,2.16,450.6666666666667,27.9,CPO,ST11,0.0622307692307692,0.0115,51.93,0.0,2.084615384615385,8.0,0.5,RBDPO,February 2025,2,59,0,0,1,0,0,0,0,0,0,0,0,0,0,1.7310654005557988,3.3638415951183864,0.4054651081081644
2025-03-01,0.07,1.7,NT1/NT2,5.07,0.2266666666666666,52.32333333333333,2.193333333333334,459.6666666666667,29.3,CPO,ST11/ST14,0.062076923076923,0.0125,52.096666666666664,0.0,2.1538461538461537,8.0,0.8,RBDPO,March 2025,3,60,0,0,0,1,0,0,0,0,0,0,0,0,0,1.803358605071407,3.4111477125153233,0.5877866649021191
2025-03-02,0.07,1.7,NT2/TK3,5.116666666666667,0.23,52.35666666666666,2.22,444.6666666666667,33.6,CPO,ST14,0.072,0.012,52.379999999999995,0.0,2.333333333333333,8.0,1.3,RBDPO,March 2025,3,61,0,0,0,1,0,0,0,0,0,0,0,0,0,1.8110172858324696,3.543853682063679,0.832909122935104
2025-03-03,0.07,1.7,TK3,5.6850000000000005,0.215,52.335,2.225,458.0,32.7,CPO,ST14/ST15,0.0704166666666666,0.011,52.2,0.0,2.4,8.0,0.9,RBDPO,March 2025,3,62,0,0,0,1,0,0,0,0,0,0,0,0,0,1.8998662105539066,3.517497837358316,0.6418538861723948
2025-03-04,0.07,1.7,TK3,5.72,0.235,52.239999999999995,2.3525,479.0,32.9,CPO,ST14/ST15,0.0703333333333333,0.012,52.34,0.0,2.5076923076923077,8.0,0.9,RBDPO,March 2025,3,63,0,0,0,1,0,0,0,0,0,0,0,0,0,1.9050881545350582,3.5234150143864045,0.6418538861723948
2025-03-05,0.07,1.7,TK3,5.52,0.24,52.355,2.33,523.5,33.7,CPO,ST11/ST14/ST15,0.0627142857142857,0.011,52.215,0.0,2.307142857142857,8.0,0.6,RBDPO,March 2025,3,64,0,0,0,1,0,0,0,0,0,0,0,0,0,1.8748743759385615,3.5467396869528134,0.4700036292457355
2025-03-06,0.07,1.7,TK3,5.595000000000001,0.215,52.3,2.135,467.5,34.4,CPO,ST11/ST15,0.0654166666666666,0.0125,52.22,0.0,2.225,8.0,0.4,RBDPO,March 2025,3,65,0,0,0,1,0,0,0,0,0,0,0,0,0,1.886311786169278,3.5667118201397288,0.33647223662121295
2025-03-07,0.07,1.7,TK3/NT1,5.785,0.205,52.325,2.1324999999999994,471.5,33.1,CPO,ST11/ST15,0.0620833333333333,0.012,52.346666666666664,0.0,2.2083333333333335,8.0,0.4,RBDPO,March 2025,3,66,0,0,0,1,0,0,0,0,0,0,0,0,0,1.9147142932868324,3.529297384289471,0.33647223662121295
2025-03-08,0.07,1.7,NT1/NT3,4.536666666666667,0.2233333333333333,52.11666666666667,2.26,465.6666666666667,32.2,CPO,ST11,0.0591666666666666,0.012,52.125,0.0,1.925,8.0,0.6,RBDPO,March 2025,3,67,0,0,0,1,0,0,0,0,0,0,0,0,0,1.7113926349570938,3.502549875922443,0.4700036292457355
2025-03-09,0.07,1.7,NT3/TK3,5.163333333333333,0.2333333333333333,52.23333333333333,2.27,460.6666666666667,29.9,CPO,ST11,0.06175,0.012,52.09,0.0,2.0166666666666666,8.0,0.4,RBDPO,March 2025,3,68,0,0,0,1,0,0,0,0,0,0,0,0,0,1.8186177567309239,3.4307561839036995,0.33647223662121295
2025-03-10,0.07,1.75,TK3,5.58,0.235,52.245,2.26,460.5,30.9,CPO,ST11/ST14,0.0702499999999999,0.0125,52.36333333333334,0.0,2.2416666666666667,8.0,0.7,RBDPO,March 2025,3,69,0,0,0,1,0,0,0,0,0,0,0,0,0,1.884034745337226,3.462606009790799,0.5306282510621704
2025-03-11,0.07,1.7,TK3,5.33,0.22,52.31,2.28,466.5,31.8,CPO,ST14,0.0686666666666666,0.012,52.4,0.0,2.3538461538461535,8.0,0.8,RBDPO,March 2025,3,70,0,0,0,1,0,0,0,0,0,0,0,0,0,1.8453002361560848,3.4904285153900982,0.5877866649021191
2025-03-12,0.07,1.7,TK3,5.16,0.21,52.375,2.205,446.5,28.1,CPO,ST14,0.0714166666666666,0.011,52.375,0.0,2.3333333333333326,8.0,0.7,RBDPO,March 2025,3,71,0,0,0,1,0,0,0,0,0,0,0,0,0,1.8180767775454285,3.370738174177447,0.5306282510621704
2025-03-13,0.068,1.7,TK3,5.1899999999999995,0.225,52.445,2.2,457.0,30.1,CPO,ST14/ST15,0.0730833333333333,0.0125,52.406666666666666,0.0,2.3749999999999996,8.0,0.4,RBDPO,March 2025,3,72,0,0,0,1,0,0,0,0,0,0,0,0,0,1.8229350866965046,3.4372078191851885,0.33647223662121295
2025-03-14,0.069,1.7,TK3,5.285,0.23,52.224999999999994,2.21,450.0,32.8,CPO,ST14,0.0701666666666666,0.012,52.209999999999994,0.0,2.1999999999999997,8.0,0.8,RBDPO,March 2025,3,73,0,0,0,1,0,0,0,0,0,0,0,0,0,1.8381658420422107,3.520460802488973,0.5877866649021191
2025-03-15,0.065,1.7,TK3,5.29,0.22,52.205,2.255,447.0,32.1,CPO,ST14,0.08229647435897428,0.012,52.115,0.0,2.238461538461539,8.0,0.9,RBDPO,March 2025,3,74,0,0,0,1,0,0,0,0,0,0,0,0,0,1.8389610707123492,3.4995332823830174,0.6418538861723948
2025-03-16,0.065,1.69,TK3,4.525,0.215,52.224999999999994,2.27,455.5,32.9,CPO,ST14,0.0636666666666666,0.0125,52.15,0.0,2.1750000000000003,8.0,0.9,RBDPO,March 2025,3,75,0,0,0,1,0,0,0,0,0,0,0,0,0,1.7092832474038167,3.5234150143864045,0.6418538861723948
2025-03-17,0.065,1.7,TK3,5.2,0.215,52.295,2.31,456.0,34.3,CPO,ST14/ST15,0.0701666666666666,0.011,52.2225,0.0,2.35,8.0,0.4,RBDPO,March 2025,3,76,0,0,0,1,0,0,0,0,0,0,0,0,0,1.824549292051046,3.563882963939251,0.33647223662121295
2025-03-18,0.065,1.55,TK3,4.705,0.23,52.185,2.265,461.0,29.2,CPO,ST14,0.0664166666666666,0.0125,52.1,0.0,2.191666666666667,8.0,0.3,RBDPO,March 2025,3,77,0,0,0,1,0,0,0,0,0,0,0,0,0,1.741342983314039,3.407841924380824,0.26236426446749106
2025-03-19,0.065,1.29,TK3,4.725,0.205,52.41,2.2350000000000003,460.0,29.7,CPO,ST14,0.0689166666666666,0.011,52.010000000000005,0.0,2.108333333333334,8.0,1.8,RBDPO,March 2025,3,78,0,0,0,1,0,0,0,0,0,0,0,0,0,1.7448425494403033,3.4242626545931514,1.0296194171811583
2025-03-20,0.065,1.32,TK3,4.4350000000000005,0.235,52.08,2.21,449.0,29.2,CPO,ST14,0.0645,0.0115,52.09,0.0,2.1,8.0,0.9,RBDPO,March 2025,3,79,0,0,0,1,0,0,0,0,0,0,0,0,0,1.692859520573173,3.407841924380824,0.6418538861723948
2025-03-21,0.065,1.5,TK3/NT3,4.249999999999999,0.2233333333333333,52.21,2.283333333333333,455.6666666666667,32.1,CPO,ST14,0.06325,0.012,52.04,0.0,2.108333333333334,8.0,1.7,RBDPO,March 2025,3,80,0,0,0,1,0,0,0,0,0,0,0,0,0,1.6582280766035322,3.4995332823830174,0.9932517730102833
2025-03-22,0.065,1.6,NT3,4.62,0.22,52.065,2.3099999999999996,461.5,29.1,CPO,ST12/ST14,0.06375,0.0125,51.89333333333334,0.0,2.2333333333333334,8.0,1.3,RBDPO,March 2025,3,81,0,0,0,1,0,0,0,0,0,0,0,0,0,1.7263316639055997,3.40452517175483,0.832909122935104
2025-03-23,0.065,1.5,NT2,4.4350000000000005,0.215,52.245,2.25,459.0,28.0,CPO,ST12/ST14,0.0689999999999999,0.0125,52.17333333333334,0.0,2.341666666666666,8.0,1.6,RBDPO,March 2025,3,82,0,0,0,1,0,0,0,0,0,0,0,0,0,1.692859520573173,3.367295829986474,0.9555114450274363
2025-03-24,0.065,1.44,TK3,4.645,0.225,52.25,2.2350000000000003,456.0,25.7,CPO,ST12/ST14,0.059076923076923,0.0104999999999999,52.10333333333333,0.0,2.123076923076923,8.0,0.6,RBDPO,March 2025,3,83,0,0,0,1,0,0,0,0,0,0,0,0,0,1.7307701976016252,3.2846635654062037,0.4700036292457355
2025-03-25,0.065,1.4,TK3,4.32,0.22,52.485,2.255,467.5,28.4,CPO,ST14,0.0625,0.011,52.36,0.0,2.083333333333334,8.0,0.6,RBDPO,March 2025,3,84,0,0,0,1,0,0,0,0,0,0,0,0,0,1.6714733033535532,3.380994674344636,0.4700036292457355
2025-03-26,0.065,1.46,TK3/NT3/TK3,4.39,0.2266666666666666,52.416666666666664,2.236666666666667,450.3333333333333,37.3,CPO,ST14/ST12,0.0614166666666666,0.012,52.28,0.0,2.1666666666666665,8.0,1.0,RBDPO,March 2025,3,85,0,0,0,1,0,0,0,0,0,0,0,0,0,1.6845453849209058,3.6454498961866,0.6931471805599453
2025-03-27,0.065,1.5,TK3/NT3,4.526666666666667,0.2066666666666666,52.55,2.25,446.0,28.8,CPO,ST12/ST14/ST15,0.0623333333333333,0.012,52.599999999999994,0.0,2.225,8.0,0.8,RBDPO,March 2025,3,86,0,0,0,1,0,0,0,0,0,0,0,0,0,1.7095848610390394,3.3945083935113587,0.5877866649021191
2025-03-28,0.065,1.5,NT3/NT1/NT2,4.6433333333333335,0.2266666666666666,52.666666666666664,2.2566666666666664,459.3333333333333,29.8,CPO,ST14,0.0625,0.012,52.77666666666667,0.0,2.075,8.0,0.5,RBDPO,March 2025,3,87,0,0,0,1,0,0,0,0,0,0,0,0,0,1.7304749074769343,3.427514689979529,0.4054651081081644
2025-03-29,0.065,1.5,TK3,4.609999999999999,0.22,52.68958333333333,2.31,462.0,30.6,CPO,ST12/ST14/ST15,0.0599230769230769,0.011,52.74666666666666,0.0,2.292307692307692,8.0,1.6,RBDPO,March 2025,3,88,0,0,0,1,0,0,0,0,0,0,0,0,0,1.7245507195346048,3.4531571205928664,0.9555114450274363
2025-03-30,0.065,1.5,TK3,4.595,0.225,52.625,2.2350000000000003,455.5,29.9,CPO,ST11/ST14,0.0615833333333333,0.012,52.669999999999995,0.0,2.183333333333333,8.0,1.6,RBDPO,March 2025,3,89,0,0,0,1,0,0,0,0,0,0,0,0,0,1.7218733417638885,3.4307561839036995,0.9555114450274363
2025-03-31,0.065,1.5,TK3,4.44,0.22,52.47,2.205,442.5,29.9,CPO,ST14/ST15,0.0615,0.012,52.49333333333333,0.0,2.1916666666666664,8.0,1.7,RBDPO,March 2025,3,90,0,0,0,1,0,0,0,0,0,0,0,0,0,1.6937790608678513,3.4307561839036995,0.9932517730102833
2025-04-01,0.065,1.65,TK3,4.715,0.22,52.555,2.23,457.5,30.2,CPO,ST14,0.06187499999999983,0.012,52.663333333333334,0.0,2.1916666666666664,8.0,1.4,RBDPO,April 2025,4,91,0,0,0,0,1,0,0,0,0,0,0,0,0,1.743094297246774,3.4404180948154366,0.8754687373538999
2025-04-02,0.065,1.8,TK3,4.76,0.215,52.605,2.24,458.0,34.5,CPO,ST12/ST14/ST15,0.0663571428571428,0.012,52.598,0.0,2.4933333333333336,8.0,1.9,RBDPO,April 2025,4,92,0,0,0,0,1,0,0,0,0,0,0,0,0,1.7509374747078,3.56953269648137,1.0647107369924282
2025-04-03,0.065,1.97,TK3,4.51,0.22,52.45,2.2,440.0,35.9,CPO,ST14/ST12,0.06187499999999983,0.0125,52.5,0.0,2.358333333333333,8.0,1.8,RBDPO,April 2025,4,93,0,0,0,0,1,0,0,0,0,0,0,0,0,1.706564623164823,3.6082115510464816,1.0296194171811583
2025-04-04,0.065,1.97,TK3,4.250000000000002,0.22,52.69,2.245,449.0,36.4,CPO,ST12/ST14,0.0670833333333333,0.011,52.85,0.0,2.3833333333333333,8.0,0.5,RBDPO,April 2025,4,94,0,0,0,0,1,0,0,0,0,0,0,0,0,1.6582280766035327,3.6216707044204863,0.4054651081081644
2025-04-05,0.065,1.8,TK3,4.869999999999999,0.2075,52.95,2.245,458.5,35.8,CPO,ST14,0.0708333333333333,0.011,53.12,0.0,2.1333333333333337,8.0,0.8,RBDPO,April 2025,4,95,0,0,0,0,1,0,0,0,0,0,0,0,0,1.769854633840005,3.6054978451748854,0.5877866649021191
2025-04-06,0.065,1.47,TK3,4.97,0.21,53.245000000000005,2.3,484.5,30.4,CPO,ST14/ST12,0.0697416666666666,0.011,53.153333333333336,0.0,2.1833333333333336,8.0,0.7,RBDPO,April 2025,4,96,0,0,0,0,1,0,0,0,0,0,0,0,0,1.7867469274045107,3.4468078929142076,0.5306282510621704
2025-04-07,0.065,1.25,TK3,4.995,0.225,53.349999999999994,2.2699999999999996,478.0,29.4,CPO,ST14/ST15,0.0701666666666666,0.0115,53.11333333333334,0.0,2.3785714285714294,8.0,0.6,RBDPO,April 2025,4,97,0,0,0,0,1,0,0,0,0,0,0,0,0,1.7909257884794776,3.414442608412176,0.4700036292457355
2025-04-08,0.065,1.14,TK3,4.58,0.225,53.09,2.325,479.0,32.3,CPO,ST14,0.0653333333333333,0.0115,52.94,0.0,2.183333333333333,8.0,1.0,RBDPO,April 2025,4,98,0,0,0,0,1,0,0,0,0,0,0,0,0,1.7191887763932197,3.505557396986398,0.6931471805599453
2025-04-09,0.065,1.13,TK3,4.8149999999999995,0.22,52.59,2.16,441.5,34.5,CPO,ST14,0.0703846153846153,0.012,52.52,0.0,2.292307692307692,8.0,1.2,RBDPO,April 2025,4,99,0,0,0,0,1,0,0,0,0,0,0,0,0,1.7604407859706277,3.56953269648137,0.7884573603642702
2025-04-10,0.065,1.15,TK3,4.89,0.22,52.6,2.3049999999999997,473.5,34.0,CPO,ST14,0.0763076923076923,0.012,52.583333333333336,0.0,2.442857142857143,8.0,1.9,RBDPO,April 2025,4,100,0,0,0,0,1,0,0,0,0,0,0,0,0,1.7732559976634952,3.5553480614894135,1.0647107369924282
2025-04-11,0.065,1.270833333,TK3,4.250000000000002,0.215,52.870000000000005,2.29,465.5,23.8,CPO,ST14/ST15,0.07475,0.0125,52.81666666666666,0.0,2.361538461538461,8.0,0.7,RBDPO,April 2025,4,101,0,0,0,0,1,0,0,0,0,0,0,0,0,1.6582280766035327,3.2108436531709366,0.5306282510621704
2025-04-12,0.065,1.3,TK3,4.56,0.2075,53.22,2.28,464.0,24.9,CPO,ST14,0.0704,0.011,53.02,0.0,2.4200000000000004,8.0,0.8,RBDPO,April 2025,4,102,0,0,0,0,1,0,0,0,0,0,0,0,0,1.715598108262491,3.254242968705492,0.5877866649021191
2025-04-13,0.065,1.3333333335000002,TK3,4.6775,0.21375,53.155,2.2275,452.25,27.65,CPO,ST14,0.0687454545454545,0.01125,52.97,0.0,2.368333333333333,8.0,0.7,RBDPO,April 2025,4,103,0,0,0,0,1,0,0,0,0,0,0,0,0,1.7365109949975766,3.3551534431607486,0.5306282510621704
2025-04-14,0.065,1.366666667,TK3,4.795,0.22,53.09,2.175,440.5,30.4,CPO,ST14/ST15/ST12,0.067090909090909,0.0115,52.919999999999995,0.0,2.316666666666666,8.0,0.6,RBDPO,April 2025,4,104,0,0,0,0,1,0,0,0,0,0,0,0,0,1.756995476791715,3.4468078929142076,0.4700036292457355
2025-04-15,0.065,1.466666667,TK3,4.925,0.22,52.870000000000005,2.255,468.0,33.8,CPO,ST15/ST14,0.0701666666666666,0.012,52.9,0.0,2.3833333333333333,8.0,1.2,RBDPO,April 2025,4,105,0,0,0,0,1,0,0,0,0,0,0,0,0,1.7791806870211948,3.5496173867804286,0.7884573603642702
2025-04-16,0.065,1.366666667,TK3,5.035,0.21,53.105,2.285,474.5,32.6,CPO,ST14/ST15,0.0716153846153846,0.0125,52.94,0.0,2.2846153846153845,8.0,0.4,RBDPO,April 2025,4,106,0,0,0,0,1,0,0,0,0,0,0,0,0,1.7975758545494949,3.5145260669691587,0.33647223662121295
2025-04-17,0.065,1.4875,TK3,5.015000000000001,0.21,53.02,2.27,479.5,27.5,CPO,ST14/ST15,0.0680833333333333,0.0104999999999999,52.675,0.0,2.3000000000000003,8.0,0.6,RBDPO,April 2025,4,107,0,0,0,0,1,0,0,0,0,0,0,0,0,1.7942563494266424,3.349904087274605,0.4700036292457355
2025-04-18,0.065,1.5,TK3,5.050000000000001,0.22,52.915,2.38,500.0,26.7,CPO,ST14/ST15,0.0682307692307692,0.011,52.77333333333333,0.0,2.2,8.0,0.4,RBDPO,April 2025,4,108,0,0,0,0,1,0,0,0,0,0,0,0,0,1.8000582720427503,3.3214324131932926,0.33647223662121295
2025-04-19,0.065,1.4,TK3,4.6850000000000005,0.2275,52.645,2.33,490.0,27.4,CPO,ST14,0.0655,0.013,52.709999999999994,0.0,2.166666666666667,8.0,0.6,RBDPO,April 2025,4,109,0,0,0,0,1,0,0,0,0,0,0,0,0,1.7378311272024995,3.3463891451671604,0.4700036292457355
2025-04-20,0.065,1.44,TK3,4.87,0.2275,52.55,2.295,478.0,34.2,CPO,ST14,0.0713333333333333,0.012,52.61,0.0,2.2083333333333335,8.0,0.2,RBDPO,April 2025,4,110,0,0,0,0,1,0,0,0,0,0,0,0,0,1.7698546338400052,3.5610460826040513,0.18232155679395465
2025-04-21,0.065,1.5,TK3,5.18,0.225,52.695,2.3,477.0,32.1,CPO,ST14,0.0734166666666666,0.012,52.645,0.0,2.316666666666667,8.0,0.4,RBDPO,April 2025,4,111,0,0,0,0,1,0,0,0,0,0,0,0,0,1.8213182714695995,3.4995332823830174,0.33647223662121295
2025-04-22,0.065,1.57,TK3,5.04,0.22,52.834999999999994,2.285,468.0,25.8,CPO,ST14,0.0720833333333333,0.012,52.79,0.0,2.25833333333333,8.0,0.4,RBDPO,April 2025,4,112,0,0,0,0,1,0,0,0,0,0,0,0,0,1.7984040119467235,3.288401887516811,0.33647223662121295
2025-04-23,0.065,1.7,TK3,4.859999999999999,0.22,52.905,2.285,468.5,25.9,CPO,ST14/ST15,0.071,0.011,53.01333333333334,0.0,2.208333333333333,8.0,0.4,RBDPO,April 2025,4,113,0,0,0,0,1,0,0,0,0,0,0,0,0,1.7681496035889213,3.292126286607793,0.33647223662121295
2025-04-24,0.065,1.7,TK3,5.095,0.215,52.66,2.195,470.5,23.5,CPO,ST15/ST14,0.0722499999999999,0.0115,52.843333333333334,0.0,2.2166666666666663,8.0,0.3,RBDPO,April 2025,4,114,0,0,0,0,1,0,0,0,0,0,0,0,0,1.8074687629332349,3.1986731175506815,0.26236426446749106
2025-04-25,0.06,1.7,TK3,4.855,0.225,52.72,2.24,471.5,24.8,CPO,ST14/ST12,0.0716666666666666,0.012,52.74333333333334,0.0,2.25,8.0,0.3,RBDPO,April 2025,4,115,0,0,0,0,1,0,0,0,0,0,0,0,0,1.7672959970496807,3.250374491927572,0.26236426446749106
2025-04-26,0.06,1.7,TK3,4.744999999999999,0.225,52.585,2.24,466.0,26.3,CPO,ST14,0.0677499999999999,0.012,52.64,0.0,2.108333333333333,8.0,0.6,RBDPO,April 2025,4,116,0,0,0,0,1,0,0,0,0,0,0,0,0,1.748329911300719,3.3068867021909143,0.4700036292457355
2025-04-27,0.06,1.7,TK3,4.975,0.215,52.760000000000005,2.25,454.5,26.9,CPO,ST14,0.0714166666666666,0.012,52.675,0.0,2.166666666666667,8.0,0.9,RBDPO,April 2025,4,117,0,0,0,0,1,0,0,0,0,0,0,0,0,1.7875840978175743,3.32862668882732,0.6418538861723948
2025-04-28,0.06,1.65,TK3,4.875,0.215,52.535,2.1399999999999997,458.0,29.0,CPO,ST14,0.0746428571428571,0.012,52.540000000000006,0.0,2.221428571428572,8.0,0.4,RBDPO,April 2025,4,118,0,0,0,0,1,0,0,0,0,0,0,0,0,1.7707060600302227,3.4011973816621555,0.33647223662121295
2025-04-29,0.067,1.43,TK3,4.250000000000002,0.21,52.385000000000005,2.1399999999999997,392.5,22.5,CPO,ST14,0.07754166666666666,0.0115,52.345,0.0,2.1181818181818186,8.0,1.5,RBDPO,April 2025,4,119,0,0,0,0,1,0,0,0,0,0,0,0,0,1.6582280766035327,3.1570004211501135,0.9162907318741551
2025-04-30,0.066,1.3763636364999998,TK3,4.250000000000002,0.2075,52.335,2.1399999999999997,399.5,21.7,CPO,ST14/ST12/ST15/ST14,0.0684166666666666,0.011,52.6025,0.0,2.0833333333333335,8.0,0.3,RBDPO,April 2025,4,120,0,0,0,0,1,0,0,0,0,0,0,0,0,1.6582280766035327,3.122364924487357,0.26236426446749106
2025-05-01,0.065,1.322727273,TK3,4.109999999999999,0.21,52.47,2.1525000000000007,420.5,24.6,CPO,ST14/ST15,0.0699090909090909,0.012,52.42666666666667,0.0,2.118181818181818,8.0,0.5,RBDPO,May 2025,5,121,0,0,0,0,0,1,0,0,0,0,0,0,0,1.631199404215613,3.242592351485517,0.4054651081081644
2025-05-02,0.065,1.5,TK3,4.35,0.225,52.595,2.1525000000000007,446.5,27.5,CPO,ST15/ST14,0.0723846153846153,0.013,52.70666666666667,0.0,2.266666666666667,8.0,0.8,RBDPO,May 2025,5,122,0,0,0,0,0,1,0,0,0,0,0,0,0,1.6770965609079151,3.349904087274605,0.5877866649021191
2025-05-03,0.065,1.5,TK3,4.699999999999999,0.215,52.474999999999994,2.255,480.0,28.0,CPO,ST14/ST15,0.0739999999999999,0.012,52.567499999999995,0.0,2.225,8.0,0.9,RBDPO,May 2025,5,123,0,0,0,0,0,1,0,0,0,0,0,0,0,1.7404661748405044,3.367295829986474,0.6418538861723948
2025-05-04,0.065,1.5,TK3,4.66,0.22,52.61,2.22,465.5,31.7,CPO,ST14/ST15,0.0759999999999999,0.012,52.919999999999995,0.0,2.2416666666666667,8.0,0.5,RBDPO,May 2025,5,124,0,0,0,0,0,1,0,0,0,0,0,0,0,1.7334238922150915,3.4873750779032076,0.4054651081081644
2025-05-05,0.065,1.529166667,TK3,4.72,0.22,52.675,2.335,466.5,25.4,CPO,ST14/ST15,0.0710833333333333,0.012,52.9,0.0,2.3333333333333335,8.0,0.5,RBDPO,May 2025,5,125,0,0,0,0,0,1,0,0,0,0,0,0,0,1.7439688053917064,3.2733640101522705,0.4054651081081644
2025-05-06,0.065,1.545454545,TK3,4.395,0.205,52.65,2.325,479.0,27.8,CPO,ST14,0.0659999999999999,0.0104999999999999,52.620000000000005,0.0,2.108333333333334,8.0,0.4,RBDPO,May 2025,5,126,0,0,0,0,0,1,0,0,0,0,0,0,0,1.6854725987100978,3.3603753871419,0.33647223662121295
2025-05-07,0.087916667,1.108333333,TK3,4.295,0.23,52.34,2.34,465.5,27.2,CPO,ST14,0.067076923076923,0.012,52.545,0.0,2.161538461538462,8.0,0.2,RBDPO,May 2025,5,127,0,0,0,0,0,1,0,0,0,0,0,0,0,1.6667629790533698,3.339321977944068,0.18232155679395465
2025-05-08,0.09,1.129166667,TK3,4.175,0.22,52.47,2.34,475.0,26.2,CPO,ST15/ST14,0.0656666666666666,0.012,52.43333333333334,0.0,2.1769230769230776,8.0,1.4,RBDPO,May 2025,5,128,0,0,0,0,0,1,0,0,0,0,0,0,0,1.6438393391514328,3.3032169733019514,0.8754687373538999
2025-05-09,0.09,1.070833333,TK3,4.175,0.22,52.655,2.365,480.0,30.4,CPO,ST14/ST15,0.0711666666666666,0.012,52.583333333333336,0.0,2.1166666666666667,8.0,2.1,RBDPO,May 2025,5,129,0,0,0,0,0,1,0,0,0,0,0,0,0,1.6438393391514328,3.4468078929142076,1.1314021114911006
2025-05-10,0.09,1.086363636,TK3,4.24,0.21,52.735,2.3049999999999997,473.0,28.7,CPO,ST14,0.0714545454545454,0.012,52.895,0.0,2.172727272727273,8.0,1.7,RBDPO,May 2025,5,130,0,0,0,0,0,1,0,0,0,0,0,0,0,1.6563214983329508,3.391147045808654,0.9932517730102833
2025-05-11,0.09,1.1,TK3,4.4399999999999995,0.22,52.31,2.2649999999999997,462.5,30.0,CPO,ST14,0.07,0.0113333333333333,52.13041666666667,0.0,2.1777777777777776,8.0,1.9,RBDPO,May 2025,5,131,0,0,0,0,0,1,0,0,0,0,0,0,0,1.6937790608678511,3.4339872044851463,1.0647107369924282
2025-05-12,0.09,1.1,TK3,4.33,0.21,52.625,2.24,459.5,27.2,CPO,ST14/ST15,0.0715,0.0115,52.833333333333336,0.0,2.150000000000001,8.0,1.4,RBDPO,May 2025,5,132,0,0,0,0,0,1,0,0,0,0,0,0,0,1.673351238177753,3.339321977944068,0.8754687373538999
2025-05-13,0.080833333,0.854166667,TK3,4.105,0.21,52.415,2.295,477.0,29.7,CPO,ST14,0.0696666666666666,0.012,52.485,0.0,2.15,8.0,1.6,RBDPO,May 2025,5,133,0,0,0,0,0,1,0,0,0,0,0,0,0,1.630220451616629,3.4242626545931514,0.9555114450274363
2025-05-14,0.066875,0.725,TK3,4.08,0.225,52.535,2.3049999999999997,472.5,31.3,CPO,ST14/ST15,0.0716923076923076,0.0125,52.63666666666666,0.0,2.338461538461538,8.0,2.2,RBDPO,May 2025,5,134,0,0,0,0,0,1,0,0,0,0,0,0,0,1.6253112615903906,3.475067230228611,1.1631508098056809
2025-05-15,0.0775,0.7,TK3,4.31,0.215,52.655,2.26,467.5,25.4,CPO,ST14/ST15,0.07125,0.011,52.906666666666666,0.0,2.275,8.0,1.5,RBDPO,May 2025,5,135,0,0,0,0,0,1,0,0,0,0,0,0,0,1.6695918352538475,3.2733640101522705,0.9162907318741551
2025-05-16,0.076842105,0.811111111,TK3,4.38,0.2,52.695,2.3,469.0,26.6,CPO,ST15/ST14,0.0747999999999999,0.011,52.77,0.0,2.41,8.0,2.6,RBDPO,May 2025,5,136,0,0,0,0,0,1,0,0,0,0,0,0,0,1.682688374173693,3.3178157727231046,1.2809338454620642
2025-05-17,0.08,0.87,TK3,4.52,0.22,52.48,2.3,469.0,25.2,CPO,ST14,0.08055929487179485,0.011,52.13041666666667,0.0,2.3,8.0,3.1,RBDPO,May 2025,5,137,0,0,0,0,0,1,0,0,0,0,0,0,0,1.7083778602890038,3.265759410767051,1.410986973710262
2025-05-18,0.08,1.0,TK3,3.71,0.19499999999999998,52.52,2.18,451.0,36.0,CPO,ST15,0.06187980769230765,0.009916666666666622,52.13041666666667,0.0,2.9,8.0,0.6,RBDPO,May 2025,5,138,0,0,0,0,0,1,0,0,0,0,0,0,0,1.5496879080283263,3.6109179126442243,0.4700036292457355
2025-05-19,0.07,0.920833333,TK3,3.98,0.21,52.55,2.245,458.5,22.1,CPO,ST14,0.0673076923076923,0.0125,52.379999999999995,0.0,2.2923076923076926,8.0,0.6,RBDPO,May 2025,5,139,0,0,0,0,0,1,0,0,0,0,0,0,0,1.6054298910365616,3.139832617527748,0.4700036292457355
2025-05-20,0.07,0.833333333,TK3,4.3,0.225,52.474999999999994,2.27,462.0,22.8,CPO,ST14/ST15,0.0687692307692307,0.012,52.323333333333345,0.0,2.292307692307693,8.0,1.4,RBDPO,May 2025,5,140,0,0,0,0,0,1,0,0,0,0,0,0,0,1.667706820558076,3.169685580677429,0.8754687373538999
2025-05-21,0.07,0.833333333,TK3,4.54,0.21,52.48,2.24,507.5,30.7,CPO,ST14/ST15,0.0740833333333333,0.012,52.49333333333333,0.0,2.3833333333333333,8.0,2.8,RBDPO,May 2025,5,141,0,0,0,0,0,1,0,0,0,0,0,0,0,1.7119945007591924,3.456316680883235,1.33500106673234
2025-05-22,0.07,0.833333333,TK3,4.445,0.215,52.595,2.285,464.0,29.3,CPO,ST14,0.0734166666666666,0.012,52.62,0.0,2.438461538461538,8.0,3.2,RBDPO,May 2025,5,142,0,0,0,0,0,1,0,0,0,0,0,0,0,1.694697756384924,3.4111477125153233,1.4350845252893227
2025-05-23,0.07625,0.895833333,TK3,4.37,0.215,52.28,2.28,463.0,26.9,CPO,ST15/ST14/ST12,0.0771666666666666,0.011,52.77,0.0,2.3249999999999997,8.0,2.4,RBDPO,May 2025,5,143,0,0,0,0,0,1,0,0,0,0,0,0,0,1.6808279085207734,3.32862668882732,1.2237754316221157
2025-05-24,0.08,0.9,TK3,4.234999999999999,0.215,52.51,2.25,458.5,29.6,CPO,ST12/ST14,0.06925,0.0115,52.57333333333333,0.0,2.2583333333333333,8.0,2.2,RBDPO,May 2025,5,144,0,0,0,0,0,1,0,0,0,0,0,0,0,1.6553668443225,3.4210000089583352,1.1631508098056809
2025-05-25,0.08,0.9,TK3,4.165,0.215,52.59,2.31,475.5,30.9,CPO,ST12/ST14,0.0701666666666666,0.012,52.51666666666667,0.0,2.1999999999999997,8.0,2.2,RBDPO,May 2025,5,145,0,0,0,0,0,1,0,0,0,0,0,0,0,1.6419051025716018,3.462606009790799,1.1631508098056809
2025-05-26,0.08,0.834782609,TK3,4.265000000000001,0.205,52.635000000000005,2.295,463.5,26.7,CPO,ST12/ST14,0.071,0.0115,52.548,0.0,2.266666666666667,8.0,1.4,RBDPO,May 2025,5,146,0,0,0,0,0,1,0,0,0,0,0,0,0,1.661081145585939,3.3214324131932926,0.8754687373538999
2025-05-27,0.075,0.829166667,TK3,4.12,0.215,52.67,2.28,466.5,23.4,CPO,ST14/ST15,0.08055929487179485,0.012,52.73333333333333,0.0,2.5999999999999996,8.0,3.1,RBDPO,May 2025,5,147,0,0,0,0,0,1,0,0,0,0,0,0,0,1.6331544390514163,3.1945831322991562,1.410986973710262
2025-05-28,0.07,0.8875,TK3,3.885,0.215,52.605,2.1525000000000007,433.5,32.5,CPO,ST14/ST15,0.069,0.0125,52.48333333333333,0.0,2.315384615384615,8.0,2.6,RBDPO,May 2025,5,148,0,0,0,0,0,1,0,0,0,0,0,0,0,1.586169285494746,3.5115454388310208,1.2809338454620642
2025-05-29,0.07,0.866666667,TK3,3.81,0.215,52.504999999999995,2.235,461.5,26.1,CPO,ST14/ST11,0.0680833333333333,0.011,52.656666666666666,0.0,2.175,8.0,2.5,RBDPO,May 2025,5,149,0,0,0,0,0,1,0,0,0,0,0,0,0,1.5706970841176697,3.299533727885655,1.252762968495368
2025-05-30,0.065434783,0.843478261,TK3,3.71,0.205,52.625,2.29,463.0,25.3,CPO,ST14,0.0670833333333333,0.011,52.56,0.0,2.125,8.0,2.2,RBDPO,May 2025,5,150,0,0,0,0,0,1,0,0,0,0,0,0,0,1.5496879080283263,3.269568939183719,1.1631508098056809
2025-05-31,0.065,0.8,TK3,3.855,0.215,52.515,2.27,458.0,27.1,CPO,ST14,0.0736923076923077,0.012,52.53,0.0,2.2846153846153854,8.0,1.4,RBDPO,May 2025,5,151,0,0,0,0,0,1,0,0,0,0,0,0,0,1.5800091017432882,3.3357695763397,0.8754687373538999
2025-06-01,0.065,0.85,TK3,4.03,0.195,52.545,2.325,468.0,28.7,CPO,ST14,0.0680833333333333,0.012,52.655,0.0,2.2166666666666672,8.0,1.7,RBDPO,June 2025,6,152,0,0,0,0,0,0,1,0,0,0,0,0,0,1.6154199841116479,3.391147045808654,0.9932517730102833
2025-06-02,0.065,0.8,TK3,3.975,0.205,52.575,2.25,458.0,29.0,CPO,ST14,0.0663333333333333,0.0115,52.425,0.0,2.1833333333333336,8.0,1.8,RBDPO,June 2025,6,153,0,0,0,0,0,0,1,0,0,0,0,0,0,1.604425370610556,3.4011973816621555,1.0296194171811583
2025-06-03,0.065,0.86,TK3,3.93,0.215,52.485,2.115,452.5,28.8,CPO,ST14/ST15,0.0659999999999999,0.012,52.51,0.0,2.2000000000000006,8.0,1.7,RBDPO,June 2025,6,154,0,0,0,0,0,0,1,0,0,0,0,0,0,1.5953389880545987,3.3945083935113587,0.9932517730102833
2025-06-04,0.065,0.8,TK3,4.055,0.21,52.675,2.14,428.0,28.6,CPO,ST14,0.0654833333333333,0.011,52.375,0.0,2.1500000000000004,8.0,1.9,RBDPO,June 2025,6,155,0,0,0,0,0,0,1,0,0,0,0,0,0,1.6203778524724346,3.3877743613300146,1.0647107369924282
2025-06-05,0.065,0.8,TK3,3.97,0.21,52.64,2.145,452.0,28.7,CPO,ST14,0.0658333333333333,0.011,52.504999999999995,0.0,2.225,8.0,2.1,RBDPO,June 2025,6,156,0,0,0,0,0,0,1,0,0,0,0,0,0,1.6034198401085373,3.391147045808654,1.1314021114911006
2025-06-06,0.065,0.8,TK3,3.985,0.22,52.45,2.3049999999999997,465.0,28.4,CPO,ST14,0.0693333333333333,0.012,52.58,0.0,2.1750000000000003,8.0,2.6,RBDPO,June 2025,6,157,0,0,0,0,0,0,1,0,0,0,0,0,0,1.6064334034138017,3.380994674344636,1.2809338454620642
2025-06-07,0.065,0.8,TK3,3.895,0.23,52.565,2.245,456.5,32.9,CPO,ST14,0.0660833333333333,0.0125,52.849999999999994,0.0,2.15,8.0,2.3,RBDPO,June 2025,6,158,0,0,0,0,0,0,1,0,0,0,0,0,0,1.5882142759824738,3.5234150143864045,1.1939224684724346
2025-06-08,0.065,0.8,TK3,3.96,0.22,52.47,2.27,456.0,30.9,CPO,ST14,0.0709230769230769,0.012,52.695,0.0,2.2384615384615385,8.0,3.1,RBDPO,June 2025,6,159,0,0,0,0,0,0,1,0,0,0,0,0,0,1.601405740736836,3.462606009790799,1.410986973710262
2025-06-09,0.065,0.98,TK3,3.6406250000000004,0.21,52.605,2.085,439.5,25.8,CPO,ST14,0.0668333333333333,0.012,52.425,0.0,2.0916666666666663,8.0,2.9,RBDPO,June 2025,6,160,0,0,0,0,0,0,1,0,0,0,0,0,0,1.5348490554430279,3.288401887516811,1.3609765531356006
2025-06-10,0.065,1.0,TK3,3.97,0.205,52.49,2.125,458.5,26.2,CPO,ST14/ST12,0.0675,0.0115,52.326666666666675,0.0,2.2416666666666667,8.0,2.3,RBDPO,June 2025,6,161,0,0,0,0,0,0,1,0,0,0,0,0,0,1.6034198401085373,3.3032169733019514,1.1939224684724346
2025-06-11,0.065,1.2,TK3,4.015000000000001,0.21,52.415,2.22,455.0,28.1,CPO,ST14/ST15,0.067,0.0115,52.538,0.0,2.2416666666666667,8.0,2.9,RBDPO,June 2025,6,162,0,0,0,0,0,0,1,0,0,0,0,0,0,1.612433421413899,3.370738174177447,1.3609765531356006
2025-06-12,0.065,1.02,TK3,4.23,0.205,52.575,2.21,450.0,30.3,CPO,ST14/ST15,0.066,0.011,52.616666666666674,0.0,2.275,8.0,2.3,RBDPO,June 2025,6,163,0,0,0,0,0,0,1,0,0,0,0,0,0,1.6544112780768316,3.4436180975461075,1.1939224684724346
2025-06-13,0.065,1.1,TK3,4.175,0.23,52.655,2.225,458.0,28.7,CPO,ST14/ST15,0.0650833333333333,0.012750000000000001,52.57,0.0,2.25,8.0,2.3,RBDPO,June 2025,6,164,0,0,0,0,0,0,1,0,0,0,0,0,0,1.6438393391514328,3.391147045808654,1.1939224684724346
2025-06-14,0.065,1.1,TK3,4.1850000000000005,0.22,52.36,2.1100000000000003,452.0,34.1375,CPO,ST14/ST15,0.0662499999999999,0.0115,52.25999999999999,0.0,2.2166666666666672,8.0,2.7,RBDPO,June 2025,6,165,0,0,0,0,0,0,1,0,0,0,0,0,0,1.6457698416814908,3.5592689362326504,1.308332819650179
2025-06-15,0.065,1.0,TK3,4.109999999999999,0.22,52.48,2.175,439.5,31.4,CPO,ST14,0.0666923076923077,0.0115,52.34,0.0,2.253846153846154,8.0,3.5,RBDPO,June 2025,6,166,0,0,0,0,0,0,1,0,0,0,0,0,0,1.631199404215613,3.4781584227982836,1.5040773967762742
2025-06-16,0.07,0.99,TK3,3.98,0.22,52.48,2.1900000000000004,454.5,27.6,CPO,ST14,0.06575,0.012,52.39,0.0,2.175,8.0,3.2,RBDPO,June 2025,6,167,0,0,0,0,0,0,1,0,0,0,0,0,0,1.6054298910365616,3.353406717825807,1.4350845252893227
2025-06-17,0.067,0.8,TK3,4.215,0.22,52.57,2.205,452.5,24.4,CPO,ST14/ST15,0.0695454545454545,0.011,52.81,0.0,2.341666666666667,8.0,2.8,RBDPO,June 2025,6,168,0,0,0,0,0,0,1,0,0,0,0,0,0,1.6515390884527357,3.2347491740244907,1.33500106673234
2025-06-18,0.067,0.8,TK3,4.045,0.22,52.555,2.21,453.5,22.8,CPO,ST14,0.0695833333333333,0.0125,52.585,0.0,2.2833333333333337,8.0,3.0,RBDPO,June 2025,6,169,0,0,0,0,0,0,1,0,0,0,0,0,0,1.6183976538055722,3.169685580677429,1.3862943611198906
2025-06-19,0.067,0.8,TK3,4.13,0.23,52.489999999999995,2.3049999999999997,475.5,25.6,CPO,ST14,0.0691666666666666,0.012,52.45,0.0,2.316666666666667,8.0,3.1,RBDPO,June 2025,6,170,0,0,0,0,0,0,1,0,0,0,0,0,0,1.6351056591826783,3.2809112157876537,1.410986973710262
2025-06-20,0.061,0.81,TK3,4.17,0.22,52.6,2.265,464.5,24.7,CPO,ST14/ST15,0.0718461538461538,0.012,52.49,0.0,2.3230769230769233,8.0,2.7,RBDPO,June 2025,6,171,0,0,0,0,0,0,1,0,0,0,0,0,0,1.6428726885203377,3.246490991901174,1.308332819650179
2025-06-21,0.063,0.96,TK3,4.02,0.22,52.595,2.26,467.0,24.2,CPO,ST14,0.0695833333333333,0.0125,52.515,0.0,2.2333333333333334,8.0,2.9,RBDPO,June 2025,6,172,0,0,0,0,0,0,1,0,0,0,0,0,0,1.6134299337036377,3.2268439945173775,1.3609765531356006
2025-06-22,0.065,0.9,TK3,3.955,0.22,52.575,2.25,468.5,23.8,CPO,ST14,0.06775,0.011,52.73,0.0,2.1250000000000004,8.0,3.0,RBDPO,June 2025,6,173,0,0,0,0,0,0,1,0,0,0,0,0,0,1.6003971677819513,3.2108436531709366,1.3862943611198906
2025-06-23,0.065,0.8,TK3,4.205,0.22,52.474999999999994,2.255,459.0,22.3,CPO,ST14/ST15,0.0699999999999999,0.012,52.4025,0.0,2.3333333333333335,8.0,2.8,RBDPO,June 2025,6,174,0,0,0,0,0,0,1,0,0,0,0,0,0,1.6496197020669323,3.1484533605716547,1.33500106673234
2025-06-24,0.065,0.88,TK3,4.1850000000000005,0.23,52.525000000000006,2.2,473.0,26.5,CPO,ST14/ST15,0.0723076923076922,0.0125,52.48666666666666,0.0,2.3692307692307693,8.0,2.4,RBDPO,June 2025,6,175,0,0,0,0,0,0,1,0,0,0,0,0,0,1.6457698416814908,3.3141860046725258,1.2237754316221157
2025-06-25,0.065,1.02,TK3,4.305,0.21,52.59,2.095,431.0,27.9,CPO,ST14/ST15/ST11,0.0705,0.012,52.52499999999999,0.0,2.3166666666666673,8.0,2.8,RBDPO,June 2025,6,176,0,0,0,0,0,0,1,0,0,0,0,0,0,1.6686497720659463,3.3638415951183864,1.33500106673234
2025-06-26,0.065,0.9,TK3,4.34,0.22,52.375,2.185,439.0,25.9,CPO,ST14,0.0715,0.012,52.405,0.0,2.233333333333334,8.0,2.1,RBDPO,June 2025,6,177,0,0,0,0,0,0,1,0,0,0,0,0,0,1.6752256529721035,3.292126286607793,1.1314021114911006
2025-06-27,0.065,0.9,TK3,4.35,0.22,52.495000000000005,2.23,458.0,27.4,CPO,ST14,0.0701666666666666,0.0125,52.39,0.0,2.283333333333333,8.0,2.4,RBDPO,June 2025,6,178,0,0,0,0,0,0,1,0,0,0,0,0,0,1.6770965609079151,3.3463891451671604,1.2237754316221157
2025-06-28,0.065,0.9,TK3,4.125,0.205,52.455,2.175,452.0,26.1,CPO,ST14,0.0695833333333333,0.0115,52.315,0.0,2.233333333333333,8.0,2.8,RBDPO,June 2025,6,179,0,0,0,0,0,0,1,0,0,0,0,0,0,1.634130525024472,3.299533727885655,1.33500106673234
2025-06-29,0.065,1.02,TK3,4.525,0.195,52.36,2.135,444.5,24.9,CPO,ST14,0.070090909090909,0.011,52.296666666666674,0.0,2.441666666666666,8.0,3.9875000000000007,RBDPO,June 2025,6,180,0,0,0,0,0,0,1,0,0,0,0,0,0,1.7092832474038167,3.254242968705492,1.606934782215982
2025-06-30,0.065,1.1,TK3,4.415,0.22,52.31562499999999,2.23,448.0,22.2,CPO,ST14,0.069,0.0125,52.10875,0.0,2.3666666666666667,8.0,3.3,RBDPO,June 2025,6,181,0,0,0,0,0,0,1,0,0,0,0,0,0,1.689172880452954,3.1441522786722644,1.4586150226995167
2025-07-01,0.065,0.95,TK3,4.055,0.225,52.515,2.1399999999999997,420.5,22.8,CPO,ST14/ST15,0.0694166666666666,0.012,52.365,0.0,2.2,8.0,3.1,RBDPO,July 2025,7,182,0,0,0,0,0,0,0,1,0,0,0,0,0,1.6203778524724346,3.169685580677429,1.410986973710262
2025-07-02,0.065,0.9,TK3,4.335,0.225,52.49,2.23,447.5,28.4,CPO,ST15/ST14,0.0702499999999999,0.012,52.419999999999995,0.0,2.2666666666666666,8.0,2.7,RBDPO,July 2025,7,183,0,0,0,0,0,0,0,1,0,0,0,0,0,1.6742888847537167,3.380994674344636,1.308332819650179
2025-07-03,0.065,0.9,TK3,4.305,0.205,52.545,2.2249999999999996,456.0,23.6,CPO,ST15/ST14,0.0688461538461538,0.011,52.38250000000001,0.0,2.138461538461539,8.0,3.2,RBDPO,July 2025,7,184,0,0,0,0,0,0,0,1,0,0,0,0,0,1.6686497720659463,3.202746442938317,1.4350845252893227
2025-07-04,0.065,0.808333333,TK3,4.21,0.205,52.56,2.0999999999999996,423.0,26.4,CPO,ST15/ST14,0.0685833333333333,0.011,52.5275,0.0,2.1333333333333333,8.0,1.8,RBDPO,July 2025,7,185,0,0,0,0,0,0,0,1,0,0,0,0,0,1.6505798557652755,3.3105430133940246,1.0296194171811583
2025-07-05,0.065,0.8,TK3,4.39,0.21,52.44,2.085,417.5,22.7,CPO,ST14,0.0741538461538461,0.011,52.56,0.0,2.1461538461538465,8.0,2.4,RBDPO,July 2025,7,186,0,0,0,0,0,0,0,1,0,0,0,0,0,1.6845453849209058,3.1654750481410856,1.2237754316221157
2025-07-06,0.066,0.85,TK3,4.535,0.23,52.465,2.155,429.5,26.0,CPO,ST14/ST15,0.0710833333333333,0.0125,52.43333333333334,0.0,2.325,8.0,3.0,RBDPO,July 2025,7,187,0,0,0,0,0,0,0,1,0,0,0,0,0,1.7110915661606003,3.295836866004329,1.3862943611198906
2025-07-07,0.067,0.93,TK3,4.6899999999999995,0.22,52.375,2.1399999999999997,439.5,31.3,CPO,ST15/ST14,0.071,0.013,52.138958333333335,0.0,2.24,8.0,2.4,RBDPO,July 2025,7,188,0,0,0,0,0,0,0,1,0,0,0,0,0,1.7387102481382395,3.475067230228611,1.2237754316221157
2025-07-08,0.067,0.88,TK3,4.3100000000000005,0.215,52.57,2.185,447.5,21.8,CPO,ST14/ST15,0.0746153846153846,0.012,52.69,0.0,2.1461538461538465,8.0,2.2,RBDPO,July 2025,7,189,0,0,0,0,0,0,0,1,0,0,0,0,0,1.6695918352538475,3.126760535960395,1.1631508098056809
2025-07-09,0.067,0.87,TK3,4.42,0.22,52.5,2.155,433.0,18.8,CPO,ST15/ST14,0.0706666666666666,0.0125,52.575,0.0,2.1166666666666667,8.0,2.5,RBDPO,July 2025,7,190,0,0,0,0,0,0,0,1,0,0,0,0,0,1.6900958154515549,2.9856819377004897,1.252762968495368
2025-07-10,0.067,0.82,TK3,4.390000000000001,0.22,52.685,2.145,432.0,24.3,CPO,ST15/ST14,0.0712461538461538,0.011,52.629999999999995,0.0,2.0615384615384618,8.0,2.5,RBDPO,July 2025,7,191,0,0,0,0,0,0,0,1,0,0,0,0,0,1.684545384920906,3.2308043957334744,1.252762968495368
2025-07-11,0.067,0.8,TK3,4.27,0.23,52.39,2.2350000000000003,438.5,29.0,CPO,ST15/ST14,0.0695,0.0125,52.345,0.0,2.027272727272728,8.0,2.4,RBDPO,July 2025,7,192,0,0,0,0,0,0,0,1,0,0,0,0,0,1.6620303625532709,3.4011973816621555,1.2237754316221157
2025-07-12,0.067,0.74,TK3,4.2,0.235,52.52,2.24,439.5,26.9,CPO,ST15/ST14,0.0709166666666666,0.012,52.44333333333333,0.0,2.041666666666667,8.0,2.6,RBDPO,July 2025,7,193,0,0,0,0,0,0,0,1,0,0,0,0,0,1.6486586255873816,3.32862668882732,1.2809338454620642
2025-07-13,0.067,0.7,TK3,4.27,0.215,52.629999999999995,2.26,458.5,30.2,CPO,ST14/ST15,0.0722307692307692,0.0125,52.61333333333334,0.0,2.084615384615385,8.0,2.8,RBDPO,July 2025,7,194,0,0,0,0,0,0,0,1,0,0,0,0,0,1.6620303625532709,3.4404180948154366,1.33500106673234
2025-07-14,0.067,0.7,TK3,4.4,0.215,52.385,2.245,462.5,23.2,CPO,ST15/ST14,0.07572435897435899,0.012,52.398,0.0,2.3285714285714283,8.0,3.3,RBDPO,July 2025,7,195,0,0,0,0,0,0,0,1,0,0,0,0,0,1.6863989535702288,3.186352633162641,1.4586150226995167
2025-07-15,0.067,0.8,TK3,4.47,0.21,52.25625000000001,2.19,436.0,20.0,CPO,ST15,0.07572435897435899,0.011,52.31,0.0,2.3,8.0,2.7,RBDPO,July 2025,7,196,0,0,0,0,0,0,0,1,0,0,0,0,0,1.6992786164338898,3.044522437723423,1.308332819650179
2025-07-16,0.067,1.03,TK3,3.71,0.22,52.45,2.2,449.0,19.6,CPO,ST14,0.0632371794871794,0.012,52.138958333333335,0.0,2.025,8.0,2.7,RBDPO,July 2025,7,197,0,0,0,0,0,0,0,1,0,0,0,0,0,1.5496879080283263,3.0252910757955354,1.308332819650179
2025-07-17,0.067,0.75,TK3,3.6012499999999985,0.22,52.445,2.065,426.5,16.5,CPO,ST14/ST15,0.07572435897435899,0.011,52.49,0.0,1.9769230769230772,8.0,1.6,RBDPO,July 2025,7,198,0,0,0,0,0,0,0,1,0,0,0,0,0,1.5263280057110935,2.8622008809294686,0.9555114450274363
2025-07-18,0.067,0.66,TK3/NT2/TK3,3.94,0.2266666666666666,52.46666666666667,2.283333333333333,460.3333333333333,22.5,CPO,ST14/ST15,0.068,0.0139999999999999,52.5925,0.0,2.0416666666666674,8.0,2.0,RBDPO,July 2025,7,199,0,0,0,0,0,0,0,1,0,0,0,0,0,1.597365331199831,3.1570004211501135,1.0986122886681098
2025-07-19,0.067,0.65,TK3,4.035,0.225,52.58,2.265,455.5,21.7,CPO,ST14,0.0681666666666666,0.013,52.54,0.0,2.25,8.0,2.3,RBDPO,July 2025,7,200,0,0,0,0,0,0,0,1,0,0,0,0,0,1.6164135261705257,3.122364924487357,1.1939224684724346
2025-07-20,0.067,0.7,TK3,4.265000000000001,0.22,52.64,2.295,465.0,22.2,CPO,ST14/ST15,0.0686153846153846,0.0125,52.81333333333333,0.0,2.223076923076923,8.0,2.0,RBDPO,July 2025,7,201,0,0,0,0,0,0,0,1,0,0,0,0,0,1.661081145585939,3.1441522786722644,1.0986122886681098
2025-07-21,0.067,0.7,TK3/NT2/TK3/NT3,4.57,0.24208333333333326,52.538,2.1,440.4,22.9,CPO,ST15/ST14,0.0676666666666666,0.012,52.6675,0.0,2.2250000000000005,8.0,2.2,RBDPO,July 2025,7,202,0,0,0,0,0,0,0,1,0,0,0,0,0,1.7173950539391927,3.173878458937465,1.1631508098056809
2025-07-22,0.067,0.8,NT2/TK3,4.753333333333333,0.24208333333333326,52.593333333333334,2.1199999999999997,437.6666666666667,22.3,CPO,ST11/ST15,0.0632371794871794,0.0115,52.83,0.0,1.9666666666666668,8.0,1.2,RBDPO,July 2025,7,203,0,0,0,0,0,0,0,1,0,0,0,0,0,1.7497793969871722,3.1484533605716547,0.7884573603642702
2025-07-23,0.067,0.78,TK3,4.405,0.22,52.535,2.13,432.5,24.9,CPO,ST15/ST14,0.0654166666666666,0.012,52.5925,0.0,2.1249999999999996,8.0,1.5,RBDPO,July 2025,7,204,0,0,0,0,0,0,0,1,0,0,0,0,0,1.6873244510911716,3.254242968705492,0.9162907318741551
2025-07-24,0.067,0.73,TK3,4.32,0.235,52.504999999999995,2.295,459.0,26.1,CPO,ST14/ST15,0.0669166666666666,0.012,52.57750000000001,0.0,2.0833333333333335,8.0,1.3,RBDPO,July 2025,7,205,0,0,0,0,0,0,0,1,0,0,0,0,0,1.6714733033535532,3.299533727885655,0.832909122935104
2025-07-25,0.067,0.7,TK3,4.255,0.23,52.605,2.325,465.5,26.9,CPO,ST15/ST14,0.0679230769230769,0.013,52.5375,0.0,2.092307692307693,8.0,1.6,RBDPO,July 2025,7,206,0,0,0,0,0,0,0,1,0,0,0,0,0,1.6591800043289144,3.32862668882732,0.9555114450274363
2025-07-26,0.067,0.7,TK3,4.255,0.21,52.54,2.26,455.0,25.0,CPO,ST15/ST14,0.0689230769230769,0.012,52.44,0.0,1.992307692307692,8.0,2.3,RBDPO,July 2025,7,207,0,0,0,0,0,0,0,1,0,0,0,0,0,1.6591800043289144,3.258096538021482,1.1939224684724346
2025-07-27,0.067,0.7,TK3,4.335,0.225,52.39,2.26,455.0,23.2,CPO,ST14,0.0675833333333333,0.012,52.42666666666667,0.0,2.0,8.0,2.1,RBDPO,July 2025,7,208,0,0,0,0,0,0,0,1,0,0,0,0,0,1.6742888847537167,3.186352633162641,1.1314021114911006
2025-07-28,0.067,0.7,TK3,4.1,0.215,52.385000000000005,2.33,464.5,22.7,CPO,ST15/ST14,0.0679166666666666,0.012,52.43,0.0,2.058333333333334,8.0,1.8,RBDPO,July 2025,7,209,0,0,0,0,0,0,0,1,0,0,0,0,0,1.62924053973028,3.1654750481410856,1.0296194171811583
2025-07-29,0.067,0.7,TK3,4.04,0.225,52.515,2.28,456.0,21.5,CPO,ST15/ST14,0.0670833333333333,0.011,52.623333333333335,0.0,1.9916666666666665,8.0,2.2,RBDPO,July 2025,7,210,0,0,0,0,0,0,0,1,0,0,0,0,0,1.6174060820832772,3.1135153092103742,1.1631508098056809
2025-07-30,0.067,0.69,TK3,4.02,0.225,52.6,2.22,454.0,23.1,CPO,ST15/ST14,0.0686923076923076,0.0125,52.6125,0.0,1.9538461538461536,8.0,1.6,RBDPO,July 2025,7,211,0,0,0,0,0,0,0,1,0,0,0,0,0,1.6134299337036377,3.1822118404966093,0.9555114450274363
2025-07-31,0.067,0.7,TK3,3.955,0.2249999999999999,52.614999999999995,2.295,466.0,26.6,CPO,ST15/ST14,0.0679230769230769,0.0115,52.84,0.0,2.0153846153846153,8.0,2.6,RBDPO,July 2025,7,212,0,0,0,0,0,0,0,1,0,0,0,0,0,1.6003971677819513,3.3178157727231046,1.2809338454620642
2025-08-01,0.067,0.7,TK3,3.88,0.215,52.75,2.26,449.0,23.5,CPO,ST14,0.0665833333333333,0.012,52.905,0.0,1.9083333333333332,8.0,1.6500000000000004,RBDPO,August 2025,8,213,0,0,0,0,0,0,0,0,1,0,0,0,0,1.5851452198650557,3.1986731175506815,0.974559639998131
2025-08-02,0.067,0.7,TK3,4.195,0.22,52.53,2.3049999999999997,459.0,19.7,CPO,ST14,0.0684166666666666,0.012,52.510000000000005,0.0,1.8500000000000003,8.0,2.2,RBDPO,August 2025,8,214,0,0,0,0,0,0,0,0,1,0,0,0,0,1.6476966245511908,3.0301337002713233,1.1631508098056809
2025-08-03,0.067,0.7,TK3,4.145,0.21,52.5,2.26,454.5,18.5,CPO,ST14,0.0648333333333333,0.0115,52.349999999999994,0.0,1.8916666666666664,8.0,1.6500000000000004,RBDPO,August 2025,8,215,0,0,0,0,0,0,0,0,1,0,0,0,0,1.638025369286013,2.970414465569701,0.974559639998131
2025-08-04,0.067,0.6,TK3,3.835,0.225,52.58,2.27,441.0,22.3,CPO,ST14,0.0678333333333333,0.012,52.585,0.0,1.9916666666666665,8.0,1.9,RBDPO,August 2025,8,216,0,0,0,0,0,0,0,0,1,0,0,0,0,1.5758811289052577,3.1484533605716547,1.0647107369924282
2025-08-05,0.067,0.6,TK3,3.895,0.225,52.55,2.3,463.5,21.0,CPO,ST14,0.0696666666666666,0.0125,52.620000000000005,0.0,2.016666666666667,8.0,2.4,RBDPO,August 2025,8,217,0,0,0,0,0,0,0,0,1,0,0,0,0,1.5882142759824738,3.091042453358316,1.2237754316221157
2025-08-06,0.067,0.6,TK3,3.805,0.23,52.39,2.355,467.0,20.8,CPO,ST14,0.0706666666666666,0.012,52.72,0.0,2.1000000000000005,8.0,2.8499999999999996,RBDPO,August 2025,8,218,0,0,0,0,0,0,0,0,1,0,0,0,0,1.5696570424222558,3.0819099697950434,1.3480731482996928
2025-08-07,0.067,0.6,TK3,4.055,0.22,52.620000000000005,2.21,447.0,22.1,CPO,ST14,0.0721666666666666,0.011,52.68,0.0,2.1166666666666667,8.0,2.2,RBDPO,August 2025,8,219,0,0,0,0,0,0,0,0,1,0,0,0,0,1.6203778524724346,3.139832617527748,1.1631508098056809
2025-08-08,0.067,0.6,TK3,3.99,0.21,52.485,2.2,448.0,18.4,CPO,ST14,0.0709230769230769,0.011,52.48,0.0,2.030769230769231,8.0,1.9,RBDPO,August 2025,8,220,0,0,0,0,0,0,0,0,1,0,0,0,0,1.6074359097634274,2.9652730660692823,1.0647107369924282
2025-08-09,0.067,0.6,TK3,4.02,0.215,52.28249999999999,2.2350000000000003,452.0,20.6,CPO,ST14,0.0689999999999999,0.0115,52.335,0.0,2.0916666666666672,8.0,2.3,RBDPO,August 2025,8,221,0,0,0,0,0,0,0,0,1,0,0,0,0,1.6134299337036377,3.0726933146901194,1.1939224684724346
2025-08-10,0.067,0.6,TK3,3.915,0.225,52.395,2.265,456.5,21.8,CPO,ST14,0.0696666666666666,0.0115,52.35,0.0,2.1250000000000004,8.0,2.3,RBDPO,August 2025,8,222,0,0,0,0,0,0,0,0,1,0,0,0,0,1.5922917535991299,3.126760535960395,1.1939224684724346
2025-08-11,0.067,0.6,TK3,4.0649999999999995,0.205,52.655,2.2249999999999996,437.0,19.9,CPO,ST14,0.0721428571428571,0.011,52.65,0.0,2.1214285714285723,8.0,2.1,RBDPO,August 2025,8,223,0,0,0,0,0,0,0,0,1,0,0,0,0,1.6223541377006465,3.039749158970765,1.1314021114911006
2025-08-12,0.067,0.6,TK3,4.145,0.215,52.685,2.38,512.0,20.7,CPO,ST14,0.0694166666666666,0.011,52.87,0.0,2.1000000000000005,8.0,2.6,RBDPO,August 2025,8,224,0,0,0,0,0,0,0,0,1,0,0,0,0,1.638025369286013,3.077312260546414,1.2809338454620642
2025-08-13,0.067,0.6,TK3,4.119999999999999,0.22,52.445,2.3200000000000003,485.0,24.2,CPO,ST14/ST15,0.0705384615384615,0.012,52.51,0.0,2.146153846153847,8.0,2.4,RBDPO,August 2025,8,225,0,0,0,0,0,0,0,0,1,0,0,0,0,1.6331544390514163,3.2268439945173775,1.2237754316221157
2025-08-14,0.067,0.6,TK3,4.085,0.22,52.49,2.325,483.5,20.7,CPO,ST14,0.0681666666666666,0.012,52.645,0.0,2.0916666666666672,8.0,2.7,RBDPO,August 2025,8,226,0,0,0,0,0,0,0,0,1,0,0,0,0,1.6262950295005232,3.077312260546414,1.308332819650179
2025-08-15,0.07,0.6,TK3,4.365,0.215,52.495000000000005,2.28,471.0,21.8,CPO,ST14,0.0714166666666666,0.0115,52.575,0.0,2.1166666666666667,8.0,2.5,RBDPO,August 2025,8,227,0,0,0,0,0,0,0,0,1,0,0,0,0,1.6798963760826617,3.126760535960395,1.252762968495368
2025-08-16,0.067,0.6,TK3,4.205,0.225,52.620000000000005,2.25,468.5,20.5,CPO,ST14/ST15,0.0652857142857143,0.012,52.586666666666666,0.0,2.142857142857143,8.0,2.2,RBDPO,August 2025,8,228,0,0,0,0,0,0,0,0,1,0,0,0,0,1.6496197020669323,3.068052935133617,1.1631508098056809
2025-08-17,0.067,0.6066666666666667,TK3,4.217,0.22433333333333333,52.61566666666667,2.2523333333333335,468.6333333333333,20.7,CPO,ST14/ST15,0.0659371794871795,0.012,52.577333333333335,0.0,2.128148148148148,8.0,2.206666666666667,RBDPO,August 2025,8,229,0,0,0,0,0,0,0,0,1,0,0,0,0,1.6519225240402555,3.077312260546414,1.1652319760095056
2025-08-18,0.067,0.6133333333333333,TK3,4.229,0.22366666666666668,52.611333333333334,2.2546666666666666,468.76666666666665,20.9,CPO,ST14/ST15,0.0665886446886447,0.012,52.568,0.0,2.1134391534391535,8.0,2.2133333333333334,RBDPO,August 2025,8,230,0,0,0,0,0,0,0,0,1,0,0,0,0,1.6542200552059936,3.086486636822455,1.1673088199543447
2025-08-19,0.067,0.62,TK3,4.241,0.223,52.607000000000006,2.257,468.9,21.1,CPO,ST14/ST15,0.06724010989010991,0.012,52.55866666666667,0.0,2.0987301587301586,8.0,2.22,RBDPO,August 2025,8,231,0,0,0,0,0,0,0,0,1,0,0,0,0,1.6565123198200291,3.095577608523707,1.169381359556317
2025-08-20,0.067,0.6266666666666666,TK3,4.253,0.22233333333333333,52.60266666666667,2.259333333333333,469.03333333333336,21.3,CPO,ST14/ST15,0.0678915750915751,0.012,52.54933333333333,0.0,2.084021164021164,8.0,2.2266666666666666,RBDPO,August 2025,8,232,0,0,0,0,0,0,0,0,1,0,0,0,0,1.6587993419718245,3.104586678466073,1.171449612620376
2025-08-21,0.067,0.6333333333333333,TK3,4.265,0.22166666666666668,52.598333333333336,2.2616666666666667,469.1666666666667,21.5,CPO,ST14/ST15,0.06854304029304031,0.012,52.54,0.0,2.069312169312169,8.0,2.2333333333333334,RBDPO,August 2025,8,233,0,0,0,0,0,0,0,0,1,0,0,0,0,1.6610811455859387,3.1135153092103742,1.1735135968412274
2025-08-22,0.067,0.64,TK3,4.277,0.221,52.594,2.2640000000000002,469.3,21.7,CPO,ST14/ST15,0.06919450549450551,0.012,52.53066666666667,0.0,2.0546031746031748,8.0,2.24,RBDPO,August 2025,8,234,0,0,0,0,0,0,0,0,1,0,0,0,0,1.6633577544235307,3.122364924487357,1.1755733298042381
2025-08-23,0.067,0.6466666666666666,TK3,4.289,0.22033333333333333,52.589666666666666,2.2663333333333333,469.43333333333334,21.9,CPO,ST14/ST15,0.06984597069597072,0.012,52.52133333333333,0.0,2.03989417989418,8.0,2.2466666666666666,RBDPO,August 2025,8,235,0,0,0,0,0,0,0,0,1,0,0,0,0,1.6656291920838429,3.131136910560194,1.177628828986334
2025-08-24,0.067,0.6533333333333333,TK3,4.301,0.21966666666666668,52.58533333333334,2.268666666666667,469.56666666666666,22.1,CPO,ST14/ST15,0.07049743589743591,0.012,52.512,0.0,2.0251851851851854,8.0,2.2533333333333334,RBDPO,August 2025,8,236,0,0,0,0,0,0,0,0,1,0,0,0,0,1.667895482005669,3.139832617527748,1.1796801117568914
2025-08-25,0.067,0.6599999999999999,TK3,4.313,0.219,52.581,2.271,469.7,22.3,CPO,ST14/ST15,0.07114890109890112,0.012,52.50266666666666,0.0,2.0104761904761905,8.0,2.26,RBDPO,August 2025,8,237,0,0,0,0,0,0,0,0,1,0,0,0,0,1.670156647468806,3.1484533605716547,1.1817271953786161
2025-08-26,0.067,0.6666666666666666,TK3,4.325,0.21833333333333332,52.57666666666667,2.2733333333333334,469.8333333333333,22.5,CPO,ST14/ST15,0.07180036630036632,0.012,52.49333333333333,0.0,1.9957671957671959,8.0,2.2666666666666666,RBDPO,August 2025,8,238,0,0,0,0,0,0,0,0,1,0,0,0,0,1.6724127115954888,3.1570004211501135,1.1837700970084166
2025-08-27,0.067,0.6733333333333333,TK3,4.337,0.21766666666666667,52.57233333333333,2.275666666666667,469.96666666666664,22.7,CPO,ST14/ST15,0.07245183150183153,0.012,52.484,0.0,1.9810582010582012,8.0,2.2733333333333334,RBDPO,August 2025,8,239,0,0,0,0,0,0,0,0,1,0,0,0,0,1.6746636973518076,3.1654750481410856,1.1858088336982648
2025-08-28,0.067,0.6799999999999999,TK3,4.349,0.217,52.568,2.278,470.1,22.9,CPO,ST14/ST15,0.07310329670329672,0.012,52.474666666666664,0.0,1.9663492063492065,8.0,2.28,RBDPO,August 2025,8,240,0,0,0,0,0,0,0,0,1,0,0,0,0,1.676909627549113,3.173878458937465,1.1878434223960523
2025-08-29,0.067,0.6866666666666666,TK3,4.361,0.21633333333333332,52.56366666666667,2.2803333333333335,470.23333333333335,23.1,CPO,ST14/ST15,0.07375476190476193,0.012,52.465333333333334,0.0,1.9516402116402118,8.0,2.2866666666666666,RBDPO,August 2025,8,241,0,0,0,0,0,0,0,0,1,0,0,0,0,1.6791505248454006,3.1822118404966093,1.1898738799464343
2025-08-30,0.067,0.6933333333333332,TK3,4.373,0.21566666666666667,52.559333333333335,2.2826666666666666,470.3666666666667,23.3,CPO,ST14/ST15,0.07440622710622713,0.012,52.455999999999996,0.0,1.9369312169312172,8.0,2.293333333333333,RBDPO,August 2025,8,242,0,0,0,0,0,0,0,0,1,0,0,0,0,1.6813864117466844,3.190476350346503,1.1919002230916667
2025-08-31,0.067,0.7,TK3,4.385,0.215,52.555,2.285,470.5,23.5,CPO,ST15/ST14,0.07505769230769234,0.012,52.446666666666665,0.0,1.9222222222222225,8.0,2.3,RBDPO,August 2025,8,243,0,0,0,0,0,0,0,0,1,0,0,0,0,1.6836173106083518,3.1986731175506815,1.1939224684724346
2025-10-01,0.065,1.0,TK3,4.275,0.22,52.855,2.2,456.0,25.7,CPO,ST15,0.0648333333333333,0.012,52.95,0.0,2.1000000000000005,8.0,3.4,RBDPO,October 2025,10,244,1,0,0,0,0,0,0,0,0,0,1,0,0,1.6629786793621302,3.2846635654062037,1.4816045409242156
2025-10-02,0.065,1.0,TK3,4.215,0.22,52.815,2.1900000000000004,459.0,27.4,CPO,ST15,0.06625,0.0125,52.955,0.0,2.0583333333333336,8.0,2.4,RBDPO,October 2025,10,245,1,0,0,0,0,0,0,0,0,0,1,0,0,1.6515390884527357,3.3463891451671604,1.2237754316221157
2025-10-03,0.065,0.9,TK3,4.375,0.215,52.834999999999994,2.215,448.5,29.8,CPO,ST12/ST15,0.0648333333333333,0.011,52.94,0.0,2.0916666666666672,8.0,2.5,RBDPO,October 2025,10,246,1,0,0,0,0,0,0,0,0,0,1,0,0,1.6817585740137264,3.427514689979529,1.252762968495368
2025-10-04,0.07,1.0,TK3,4.215,0.225,52.81,2.2350000000000003,446.5,30.7,CPO,ST12/ST15,0.0677499999999999,0.0125,52.86,0.0,2.1333333333333333,8.0,4.750000000000001,RBDPO,October 2025,10,247,1,0,0,0,0,0,0,0,0,0,1,0,0,1.6515390884527357,3.456316680883235,1.7491998548092593
2025-10-05,0.07,1.2,TK3,4.145,0.225,52.74,2.245,445.0,28.2,CPO,ST12,0.0644166666666666,0.012,52.83,0.0,2.0916666666666672,8.0,3.4,RBDPO,October 2025,10,248,1,0,0,0,0,0,0,0,0,0,1,0,0,1.638025369286013,3.374168709274236,1.4816045409242156
2025-10-06,0.07,1.1,TK3,4.25,0.215,52.754999999999995,2.2649999999999997,459.0,27.0,CPO,ST12,0.0617499999999999,0.0115,52.870000000000005,0.0,2.075,8.0,2.0,RBDPO,October 2025,10,249,1,0,0,0,0,0,0,0,0,0,1,0,0,1.6582280766035324,3.332204510175204,1.0986122886681098
2025-10-07,0.075,0.9,TK3,4.175000000000001,0.22,52.55,2.22,456.5,26.0,CPO,ST12/ST14,0.0635,0.012,52.63666666666666,0.0,2.0833333333333335,8.0,2.1,RBDPO,October 2025,10,250,1,0,0,0,0,0,0,0,0,0,1,0,0,1.643839339151433,3.295836866004329,1.1314021114911006
2025-10-08,0.075,0.9,TK3,3.995,0.2125,52.82,2.23,455.0,25.3,CPO,ST14,0.0645,0.011,53.00666666666666,0.0,2.025,8.0,1.8,RBDPO,October 2025,10,251,1,0,0,0,0,0,0,0,0,0,1,0,0,1.608437412100517,3.269568939183719,1.0296194171811583
2025-10-09,0.075,1.0,TK3,4.1899999999999995,0.22,52.879999999999995,2.134375,440.5,28.1,CPO,ST14,0.0645,0.0125,52.97666666666667,0.0,2.108333333333334,8.0,3.1,RBDPO,October 2025,10,252,1,0,0,0,0,0,0,0,0,0,1,0,0,1.6467336971777973,3.370738174177447,1.410986973710262
2025-10-10,0.075,1.0,TK3,4.12,0.225,53.025,2.27,440.5,26.9,CPO,ST14,0.068,0.0125,53.065,0.0,2.1333333333333337,8.0,2.9,RBDPO,October 2025,10,253,1,0,0,0,0,0,0,0,0,0,1,0,0,1.6331544390514163,3.32862668882732,1.3609765531356006
2025-10-11,0.075,1.0,TK3,4.18,0.23,52.855,2.24,446.0,25.0,CPO,ST14,0.0688333333333333,0.012,52.97,0.0,2.066666666666667,8.0,2.6,RBDPO,October 2025,10,254,1,0,0,0,0,0,0,0,0,0,1,0,0,1.6448050562713916,3.258096538021482,1.2809338454620642
2025-10-12,0.075,1.0,TK3,4.255000000000001,0.22,52.71,2.2649999999999997,457.0,26.9,CPO,ST14,0.0668181818181818,0.012,52.805,0.0,2.063636363636364,8.0,3.2,RBDPO,October 2025,10,255,1,0,0,0,0,0,0,0,0,0,1,0,0,1.6591800043289147,3.32862668882732,1.4350845252893227
2025-10-13,0.075,0.95,TK3,4.220000000000001,0.225,52.62,2.225,455.0,25.0,CPO,ST14,0.0647692307692307,0.012,52.52,0.0,2.053846153846154,8.0,2.2,RBDPO,October 2025,10,256,1,0,0,0,0,0,0,0,0,0,1,0,0,1.6524974018945475,3.258096538021482,1.1631508098056809
2025-10-14,0.075,0.9,TK3,4.15,0.22,52.6,2.215,451.0,25.8,CPO,ST14,0.061,0.011,52.68,0.0,2.0500000000000003,8.0,2.3,RBDPO,October 2025,10,257,1,0,0,0,0,0,0,0,0,0,1,0,0,1.6389967146756448,3.288401887516811,1.1939224684724346
2025-10-15,0.075,0.95,TK3,4.029999999999999,0.22,52.465,2.2350000000000003,458.0,25.9,CPO,ST14/ST15,0.059,0.0115,52.56,0.0,2.0461538461538464,8.0,2.6,RBDPO,October 2025,10,258,1,0,0,0,0,0,0,0,0,0,1,0,0,1.6154199841116477,3.292126286607793,1.2809338454620642
2025-10-16,0.075,0.9,TK3,3.95,0.22,52.59,2.305,469.0,24.1,CPO,ST14,0.0607499999999999,0.012,52.56,0.0,2.0,8.0,1.5,RBDPO,October 2025,10,259,1,0,0,0,0,0,0,0,0,0,1,0,0,1.599387576580599,3.2228678461377385,0.9162907318741551
2025-10-17,0.075,0.9,TK3,4.08,0.225,52.575,2.28,472.0,23.8,CPO,ST14,0.0676153846153846,0.012,52.65,0.0,2.0,8.0,1.4,RBDPO,October 2025,10,260,1,0,0,0,0,0,0,0,0,0,1,0,0,1.6253112615903906,3.2108436531709366,0.8754687373538999
2025-10-18,0.075,0.9,TK3,4.029999999999999,0.225,52.735,2.315,484.0,25.2,CPO,ST14,0.0623333333333333,0.012,52.75,0.0,2.0000000000000004,8.0,2.7,RBDPO,October 2025,10,261,1,0,0,0,0,0,0,0,0,0,1,0,0,1.6154199841116477,3.265759410767051,1.308332819650179
2025-10-19,0.075,0.9,TK3,4.08,0.22,52.555,2.295,472.0,25.1,CPO,ST14,0.05925,0.012,52.57,0.0,2.0916666666666672,8.0,2.4,RBDPO,October 2025,10,262,1,0,0,0,0,0,0,0,0,0,1,0,0,1.6253112615903906,3.261935314328648,1.2237754316221157
2025-10-20,0.075,0.9,TK3,4.175000000000001,0.2249999999999999,52.68,2.24,456.5,27.9,CPO,ST14,0.06,0.012,52.7,0.0,2.075,8.0,3.2,RBDPO,October 2025,10,263,1,0,0,0,0,0,0,0,0,0,1,0,0,1.643839339151433,3.3638415951183864,1.4350845252893227
2025-10-21,0.075,0.9,TK3,4.21,0.2125,52.845,2.134375,454.5,24.8,CPO,ST14,0.0575833333333333,0.0115,53.005,0.0,2.0583333333333336,8.0,2.1,RBDPO,October 2025,10,264,1,0,0,0,0,0,0,0,0,0,1,0,0,1.6505798557652755,3.250374491927572,1.1314021114911006
2025-10-22,0.075,0.9,TK3,4.22,0.22,52.91,2.2249999999999996,451.0,27.4,CPO,ST14,0.0636666666666666,0.0125,52.95,0.0,2.107692307692308,8.0,2.2,RBDPO,October 2025,10,265,1,0,0,0,0,0,0,0,0,0,1,0,0,1.6524974018945473,3.3463891451671604,1.1631508098056809
2025-10-23,0.075,0.9,TK3,4.210000000000001,0.2249999999999999,52.895,2.3049999999999997,473.5,27.6,CPO,ST14,0.0625833333333333,0.012750000000000001,52.905,0.0,2.1250000000000004,8.0,3.2,RBDPO,October 2025,10,266,1,0,0,0,0,0,0,0,0,0,1,0,0,1.6505798557652758,3.353406717825807,1.4350845252893227
2025-10-24,0.075,0.9,TK3,4.109999999999999,0.2299999999999999,52.879999999999995,2.3493749999999998,463.5,25.2,CPO,ST14,0.06425,0.012,52.93,0.0,2.0750000000000006,8.0,2.2,RBDPO,October 2025,10,267,1,0,0,0,0,0,0,0,0,0,1,0,0,1.631199404215613,3.265759410767051,1.1631508098056809
2025-10-25,0.075,0.95,TK3,4.220000000000001,0.2125,52.76,2.25,461.5,26.8,CPO,ST14/ST15,0.0646666666666666,0.011,52.85999999999999,0.0,2.15,8.0,3.1,RBDPO,October 2025,10,268,1,0,0,0,0,0,0,0,0,0,1,0,0,1.6524974018945475,3.3250360206965914,1.410986973710262
2025-10-26,0.075,1.1,TK3,3.778124999999999,0.2125,52.495000000000005,2.22,442.5,29.8,CPO,ST12/ST14/ST15,0.0615,0.011,52.23,0.0,2.2166666666666672,8.0,3.3,RBDPO,October 2025,10,269,1,0,0,0,0,0,0,0,0,0,1,0,0,1.5640482101352897,3.427514689979529,1.4586150226995167
2025-10-27,0.075,1.05,TK3,3.945,0.22,52.510000000000005,2.215,454.5,29.8,CPO,ST12/ST14,0.0592307692307692,0.012,52.34,0.0,2.0384615384615383,8.0,2.0,RBDPO,October 2025,10,270,1,0,0,0,0,0,0,0,0,0,1,0,0,1.5983769650746753,3.427514689979529,1.0986122886681098
2025-10-28,0.075,1.0,TK3,4.0,0.225,52.825,2.3049999999999997,473.5,30.5,CPO,ST12/ST14/ST15,0.0608461538461538,0.0125,52.69,0.0,2.092307692307693,8.0,4.0,RBDPO,October 2025,10,271,1,0,0,0,0,0,0,0,0,0,1,0,0,1.6094379124341003,3.449987545831587,1.6094379124341003
2025-10-29,0.075,1.1,TK3,3.97,0.22,52.83,2.21,457.0,32.325,CPO,ST14,0.061,0.012,52.91,0.0,2.0,8.0,2.2,RBDPO,October 2025,10,272,1,0,0,0,0,0,0,0,0,0,1,0,0,1.6034198401085373,3.5063078660647724,1.1631508098056809
2025-10-30,0.075,1.05,TK3,4.1000000000000005,0.21625,52.7475,2.195,456.5,28.3125,CPO,ST14,0.06,0.0115,52.55,0.0,2.03125,8.0,2.0,RBDPO,October 2025,10,273,1,0,0,0,0,0,0,0,0,0,1,0,0,1.6292405397302803,3.378014046206498,1.0986122886681098
2025-10-31,0.075,1.0,TK3,4.23,0.2125,52.665,2.1799999999999997,456.0,24.3,CPO,ST14,0.059,0.011,52.19,0.0,2.0625,8.0,1.8,RBDPO,October 2025,10,274,1,0,0,0,0,0,0,0,0,0,1,0,0,1.6544112780768316,3.2308043957334744,1.0296194171811583
2025-11-01,0.075,1.0,TK3,4.3325,0.215,52.59,2.22,446.0,24.35,CPO,ST14,0.062,0.011,52.63,0.0,2.1,8.0,1.9124999999999994,RBDPO,November 2025,11,275,1,0,0,0,0,0,0,0,0,0,0,1,0,1.6738201713633685,3.232778730037192,1.0690118188918187
2025-11-02,0.075,1.0,TK3,4.029999999999999,0.22,52.8,2.2,450.0,25.0,CPO,ST14,0.063,0.011,52.94,0.0,2.1,8.0,2.4,RBDPO,November 2025,11,276,1,0,0,0,0,0,0,0,0,0,0,1,0,1.6154199841116477,3.258096538021482,1.2237754316221157
2025-11-03,0.08,0.9,TK3,4.109999999999999,0.2249999999999999,52.66,2.265,460.5,27.35,CPO,ST14,0.061,0.012,52.62,0.0,2.1,8.0,2.4,RBDPO,November 2025,11,277,1,0,0,0,0,0,0,0,0,0,0,1,0,1.631199404215613,3.3446270301737613,1.2237754316221157
2025-11-04,0.08,0.9,TK3,4.08,0.235,52.905,2.2350000000000003,452.5,28.15,CPO,ST14/ST15,0.061,0.012,52.76,0.0,2.1,8.0,3.5,RBDPO,November 2025,11,278,1,0,0,0,0,0,0,0,0,0,0,1,0,1.6253112615903906,3.3724549127965013,1.5040773967762742
2025-11-05,0.085,0.9,TK3,4.07,0.225,52.58,2.28,467.5,26.25,CPO,ST14,0.063,0.013,52.62,0.0,2.0,8.0,3.7,RBDPO,November 2025,11,279,1,0,0,0,0,0,0,0,0,0,0,1,0,1.623340817603092,3.305053521109253,1.547562508716013
2025-11-06,0.08,1.0,TK3,3.925,0.215,52.805,2.22,452.5,28.1,CPO,ST14/ST15,0.066,0.011,52.91,0.0,2.1,8.0,3.2,RBDPO,November 2025,11,280,1,0,0,0,0,0,0,0,0,0,0,1,0,1.5943242746240522,3.370738174177447,1.4350845252893227
2025-11-07,0.075,1.0,TK3,3.955,0.215,52.635000000000005,2.225,466.5,27.9,CPO,ST14,0.062,0.011,52.75,0.0,2.0,8.0,3.4,RBDPO,November 2025,11,281,1,0,0,0,0,0,0,0,0,0,0,1,0,1.6003971677819513,3.3638415951183864,1.4816045409242156
2025-11-08,0.07,1.0,TK3/NT1,4.194999999999999,0.23999999999999994,52.7375,2.1425,451.0,30.25,CPO,ST14/ST15,0.062,0.012,52.79,0.0,2.1,8.0,3.6,RBDPO,November 2025,11,282,1,0,0,0,0,0,0,0,0,0,0,1,0,1.6476966245511906,3.4420193761824107,1.5260563034950494
2025-11-09,0.07,1.0,TK3,3.87,0.235,52.685,2.17,485.0,27.55,CPO,ST14,0.057,0.012,52.74,0.0,2.0,8.0,3.4,RBDPO,November 2025,11,283,1,0,0,0,0,0,0,0,0,0,0,1,0,1.5830939370944985,3.351656936102019,1.4816045409242156
2025-11-10,0.07,1.0,TK3/NT1,4.1675,0.23999999999999994,52.7725,2.2224999999999997,460.25,31.85,CPO,ST14,0.062,0.011,52.87,0.0,2.0,8.0,3.0,RBDPO,November 2025,11,284,1,0,0,0,0,0,0,0,0,0,0,1,0,1.6423890125737863,3.4919517449306197,1.3862943611198906
2025-11-11,0.07,1.0,TK3,3.89,0.22,52.58,2.285,462.5,28.15,CPO,ST14/ST15,0.062,0.012,52.47,0.0,1.9,8.0,3.6,RBDPO,November 2025,11,285,1,0,0,0,0,0,0,0,0,0,0,1,0,1.5871923034867808,3.3724549127965013,1.5260563034950494
2025-11-12,0.07,1.0,TK3,3.94,0.22,52.705,2.315,457.0,29.0,CPO,ST12/ST14,0.062,0.013,52.52,0.0,1.9,0.0,3.1,RBDPO,November 2025,11,286,1,0,0,0,0,0,0,0,0,0,0,1,0,1.597365331199831,3.4011973816621555,1.410986973710262
2025-11-13,0.07,1.1,TK3,4.0649999999999995,0.215,52.650000000000006,2.3049999999999997,469.0,31.85,CPO,ST14/ST15,0.0665,0.012,52.75,0.0,2.0,8.0,3.6,RBDPO,November 2025,11,287,1,0,0,0,0,0,0,0,0,0,0,1,0,1.6223541377006465,3.4919517449306197,1.5260563034950494
2025-11-14,0.065,1.1,TK3/NT1,3.8025,0.23999999999999994,52.75,2.2024999999999997,453.75,27.33,CPO,ST14,0.058,0.013,52.89,0.0,1.8,8.0,2.4,RBDPO,November 2025,11,288,1,0,0,0,0,0,0,0,0,0,0,1,0,1.5691366156605746,3.3439213138424253,1.2237754316221157
2025-11-15,0.07,1.1,TK3,3.91,0.225,52.58,2.225,449.5,27.25,CPO,ST14,0.065,0.013,52.64,0.0,1.9,8.0,3.2,RBDPO,November 2025,11,289,1,0,0,0,0,0,0,0,0,0,0,1,0,1.5912739418064292,3.34109345759245,1.4350845252893227
2025-11-16,0.075,1.1,TK3,4.0200000000000005,0.225,52.89,2.275,456.5,29.0,CPO,ST14,0.064,0.012,52.95,0.0,1.9,8.0,3.4,RBDPO,November 2025,11,290,1,0,0,0,0,0,0,0,0,0,0,1,0,1.613429933703638,3.4011973816621555,1.4816045409242156
2025-11-17,0.07,1.0,TK3,3.99,0.215,52.34,2.295,470.0,27.95,CPO,ST14,0.062,0.013,52.74,0.0,1.8,8.0,2.4,RBDPO,November 2025,11,291,1,0,0,0,0,0,0,0,0,0,0,1,0,1.6074359097634274,3.3655702040190043,1.2237754316221157
2025-11-18,0.07,0.9,TK3,3.975,0.22,52.540000000000006,2.265,469.0,28.8,CPO,ST14,0.061,0.012,52.57,0.0,1.7,8.0,2.9,RBDPO,November 2025,11,292,1,0,0,0,0,0,0,0,0,0,0,1,0,1.604425370610556,3.3945083935113587,1.3609765531356006
2025-11-19,0.07,0.9,TK3,4.005,0.215,52.52,2.295,472.0,29.0,CPO,ST14,0.061,0.011,52.53,0.0,1.7,8.0,2.8,RBDPO,November 2025,11,293,1,0,0,0,0,0,0,0,0,0,0,1,0,1.6104374127671839,3.4011973816621555,1.33500106673234
2025-11-20,0.07,1.0,TK3,3.95,0.21,52.56,2.285,451.0,28.95,CPO,ST14,0.059,0.011,52.76,0.0,1.8,8.0,3.3,RBDPO,November 2025,11,294,1,0,0,0,0,0,0,0,0,0,0,1,0,1.599387576580599,3.3995293245614584,1.4586150226995167
2025-11-21,0.075,1.0,TK3/NT2,4.055,0.2,52.72,2.2225,449.0,33.85,CPO,ST14/ST15,0.061,0.011,52.99,0.0,1.8,8.0,4.1,RBDPO,November 2025,11,295,1,0,0,0,0,0,0,0,0,0,0,1,0,1.6203778524724346,3.551053137206533,1.62924053973028
2025-11-22,0.075,1.3,TK3,4.115,0.2,52.6,2.23,447.0,35.0,CPO,ST14/ST15,0.061,0.011,52.71,0.0,1.8,8.0,4.612500000000001,RBDPO,November 2025,11,296,1,0,0,0,0,0,0,0,0,0,0,1,0,1.6321773994035897,3.58351893845611,1.724996253068373
2025-11-23,0.075,1.2,TK3,4.074999999999999,0.215,52.895,2.22,449.0,31.75,CPO,ST14/ST15,0.059,0.012,52.97,0.0,1.7,8.0,3.1,RBDPO,November 2025,11,297,1,0,0,0,0,0,0,0,0,0,0,1,0,1.624326524927851,3.488902962081261,1.410986973710262
2025-11-24,0.08,1.3,TK3,3.985,0.205,52.825,2.21,447.0,36.1,CPO,ST14/ST15,0.059,0.011,52.86,0.0,1.8,8.0,4.0,RBDPO,November 2025,11,298,1,0,0,0,0,0,0,0,0,0,0,1,0,1.6064334034138017,3.6136169696133895,1.6094379124341003
2025-11-25,0.08,1.4,TK3,4.145,0.205,52.95,2.21,463.5,37.75,CPO,ST14/ST15,0.0665,0.011,52.9,0.0,1.7,8.0,3.8,RBDPO,November 2025,11,299,1,0,0,0,0,0,0,0,0,0,0,1,0,1.638025369286013,3.657130755799356,1.5686159179138452
2025-11-26,0.08,1.3,TK3,3.905,0.205,52.885000000000005,2.2649999999999997,473.5,34.0,CPO,ST14,0.057,0.012,52.96,0.0,1.7,8.0,2.7,RBDPO,November 2025,11,300,1,0,0,0,0,0,0,0,0,0,0,1,0,1.5902550930173263,3.5553480614894135,1.308332819650179
2025-11-27,0.08,1.3,TK3,4.26,0.22,52.83,2.265,459.0,35.75,CPO,ST14,0.056,0.012,52.87,0.0,1.6,8.0,3.5,RBDPO,November 2025,11,301,1,0,0,0,0,0,0,0,0,0,0,1,0,1.6601310267496185,3.6041382256588457,1.5040773967762742
2025-11-28,0.08,1.2,TK3,4.074999999999999,0.22,52.95,2.215,450.5,37.9,CPO,ST14/ST15,0.056,0.013,53.01,0.0,1.6,8.0,3.2,RBDPO,November 2025,11,302,1,0,0,0,0,0,0,0,0,0,0,1,0,1.624326524927851,3.6609942506244004,1.4350845252893227
2025-11-29,0.08,1.2,TK3,4.085,0.22,52.925,2.3049999999999997,475.5,34.95,CPO,ST14,0.06,0.012,52.88,0.0,1.7,8.0,3.5,RBDPO,November 2025,11,303,1,0,0,0,0,0,0,0,0,0,0,1,0,1.6262950295005232,3.5821290841670557,1.5040773967762742
2025-11-30,0.08,1.2,TK3,4.15,0.22,52.849999999999994,2.2350000000000003,463.5,37.25,CPO,ST14/ST15,0.057,0.012,52.91,0.0,1.7,8.0,3.6,RBDPO,November 2025,11,304,1,0,0,0,0,0,0,0,0,0,0,1,0,1.6389967146756448,3.644143560272545,1.5260563034950494
2025-12-01,0.08,1.1,TK3,4.085,0.22,52.97,2.26,460.5,34.1,CPO,ST14,0.05836874999999994,0.012,53.03,0.0,1.7333333333333336,8.0,2.9,RBDPO,December 2025,12,305,1,0,0,0,0,0,0,0,0,0,0,0,1,1.6262950295005232,3.55820113047182,1.3609765531356006
2025-12-02,0.076,1.1,TK3,4.01,0.215,52.895,2.2750000000000004,458.5,30.9,CPO,ST14,0.05836874999999994,0.011,52.9,0.0,1.633333333333333,8.0,2.6,RBDPO,December 2025,12,306,1,0,0,0,0,0,0,0,0,0,0,0,1,1.6114359150967734,3.462606009790799,1.2809338454620642
2025-12-03,0.075,0.95,TK3,4.195,0.235,52.9,2.245,471.5,31.6,CPO,ST14,0.0609166666666666,0.0125,52.995000000000005,0.0,1.7583333333333335,8.0,2.5,RBDPO,December 2025,12,307,1,0,0,0,0,0,0,0,0,0,0,0,1,1.6476966245511908,3.484312288372662,1.252762968495368
2025-12-04,0.075,0.9,TK3,4.215,0.23,52.925,2.255,441.0,30.7,CPO,ST14,0.0605,0.012,52.905,0.0,1.775,8.0,3.3,RBDPO,December 2025,12,308,1,0,0,0,0,0,0,0,0,0,0,0,1,1.6515390884527357,3.456316680883235,1.4586150226995167
2025-12-05,0.075,1.0,TK3/TK4,4.27,0.2233333333333333,52.9,2.2833333333333337,461.0,31.0,CPO,ST14/ST15,0.0639166666666666,0.012,52.9,0.0,1.9749999999999996,8.0,4.2,RBDPO,December 2025,12,309,1,0,0,0,0,0,0,0,0,0,0,0,1,1.6620303625532709,3.4657359027997265,1.6486586255873816
2025-12-06,0.075,1.2,TK4,4.27,0.225,52.915,2.27,463.0,31.7,CPO,ST14/ST15,0.0620833333333333,0.012,52.82333333333333,0.0,1.966666666666666,8.0,3.3,RBDPO,December 2025,12,310,1,0,0,0,0,0,0,0,0,0,0,0,1,1.6620303625532709,3.4873750779032076,1.4586150226995167
2025-12-07,0.08,1.1,TK4/TK3,4.276666666666666,0.2133333333333333,52.89000000000001,2.2533333333333334,461.3333333333333,30.9,CPO,ST14,0.0644166666666666,0.0115,53.14,0.0,1.966666666666666,8.0,2.6,RBDPO,December 2025,12,311,1,0,0,0,0,0,0,0,0,0,0,0,1,1.663294585224811,3.462606009790799,1.2809338454620642
2025-12-08,0.08,1.0,TK3,4.390000000000001,0.22,52.93,2.275,462.5,35.3,CPO,ST14,0.0636666666666666,0.0115,52.81,0.0,1.958333333333333,8.0,3.0,RBDPO,December 2025,12,312,1,0,0,0,0,0,0,0,0,0,0,0,1,1.684545384920906,3.591817741270805,1.3862943611198906
2025-12-09,0.08,0.93,TK3/TK4,4.49,0.2266666666666666,52.876666666666665,2.2566666666666664,457.3333333333333,28.0,CPO,ST14,0.0657272727272727,0.0125,53.09,0.0,2.0545454545454547,8.0,2.3,RBDPO,December 2025,12,313,1,0,0,0,0,0,0,0,0,0,0,0,1,1.7029282555214393,3.367295829986474,1.1939224684724346
2025-12-10,0.08,0.9,TK3,4.465,0.23,52.87,2.245,456.5,27.0,CPO,ST14,0.06805208333333329,0.0125,52.97,0.0,2.0461538461538464,8.0,2.6,RBDPO,December 2025,12,314,1,0,0,0,0,0,0,0,0,0,0,0,1,1.698364121628502,3.332204510175204,1.2809338454620642
2025-12-11,0.08,0.9,TK3,4.13,0.225,52.864999999999995,2.295,472.5,29.4,CPO,ST14,0.06805208333333329,0.0115,52.91,0.0,1.863636363636364,8.0,1.9,RBDPO,December 2025,12,315,1,0,0,0,0,0,0,0,0,0,0,0,1,1.6351056591826783,3.414442608412176,1.0647107369924282
2025-12-12,0.08,1.0,TK4/TK3,4.3133333333333335,0.2133333333333333,52.93666666666667,2.21,438.3333333333333,27.9,CPO,ST15/ST14,0.0661666666666666,0.012,53.0575,0.0,2.0000000000000004,8.0,4.2,RBDPO,December 2025,12,316,1,0,0,0,0,0,0,0,0,0,0,0,1,1.6702193846939593,3.3638415951183864,1.6486586255873816
2025-12-13,0.08,1.1,TK3,4.375,0.205,52.935,2.25,461.5,26.0,CPO,ST14,0.064,0.01075,53.08,0.0,1.9749999999999996,8.0,3.0,RBDPO,December 2025,12,317,1,0,0,0,0,0,0,0,0,0,0,0,1,1.6817585740137264,3.295836866004329,1.3862943611198906
2025-12-14,0.08,1.1,TK3,4.275,0.21,52.849999999999994,2.215,446.0,27.7,CPO,ST14/ST15,0.0619166666666666,0.011,52.89666666666667,0.0,2.066666666666667,8.0,3.9,RBDPO,December 2025,12,318,1,0,0,0,0,0,0,0,0,0,0,0,1,1.6629786793621302,3.3568971227655755,1.589235205116581
2025-12-15,0.08,1.0,TK3/NT1/TK4,4.327500000000001,0.2275,52.8375,2.2825,469.25,30.2,CPO,ST14,0.0653999999999999,0.0125,52.885000000000005,0.0,2.06,8.0,3.2,RBDPO,December 2025,12,319,1,0,0,0,0,0,0,0,0,0,0,0,1,1.6728820849906352,3.4404180948154366,1.4350845252893227
2025-12-16,0.08,1.0,TK4,4.16,0.23,52.78833333333334,2.28,444.5,30.1,CPO,ST14,0.06805208333333329,0.012750000000000001,52.77666666666667,0.0,2.255555555555555,8.0,3.4,RBDPO,December 2025,12,320,1,0,0,0,0,0,0,0,0,0,0,0,1,1.6409365794934714,3.4372078191851885,1.4816045409242156
2025-12-17,0.08,1.0,TK4/TK6,4.043333333333333,0.2233333333333333,52.906666666666666,2.1866666666666674,457.3333333333333,27.5,CPO,ST14,0.064,0.012,52.93,0.0,1.8583333333333336,8.0,2.9,RBDPO,December 2025,12,321,1,0,0,0,0,0,0,0,0,0,0,0,1,1.6180672391321549,3.349904087274605,1.3609765531356006
2025-12-18,0.08,1.0,TK3,4.465,0.22,52.9,2.245,465.0,26.2,CPO,ST14,0.0624166666666666,0.012,52.83,0.0,1.875,8.0,2.1,RBDPO,December 2025,12,322,1,0,0,0,0,0,0,0,0,0,0,0,1,1.698364121628502,3.3032169733019514,1.1314021114911006
2025-12-19,0.08,1.0,TK3,4.525,0.215,52.905,2.3200000000000003,476.5,26.9,CPO,ST14,0.063,0.01075,53.06,0.0,2.0083333333333333,8.0,2.9,RBDPO,December 2025,12,323,1,0,0,0,0,0,0,0,0,0,0,0,1,1.7092832474038167,3.32862668882732,1.3609765531356006
2025-12-20,0.08,1.0,TK3/TK4,4.503333333333333,0.23,52.85666666666666,2.2266666666666666,443.3333333333333,27.5,CPO,ST14,0.0638333333333333,0.0125,52.98,0.0,2.05,8.0,3.6,RBDPO,December 2025,12,324,1,0,0,0,0,0,0,0,0,0,0,0,1,1.7053539692639268,3.349904087274605,1.5260563034950494
2025-12-21,0.08,1.0,TK3/TK4,4.470000000000001,0.225,53.015,2.255,457.0,31.0,CPO,ST14,0.06225,0.012,53.38374999999999,0.0,2.0,8.0,3.6,RBDPO,December 2025,12,325,1,0,0,0,0,0,0,0,0,0,0,0,1,1.69927861643389,3.4657359027997265,1.5260563034950494
2025-12-22,0.08,1.0,TK3/TK4,4.425000000000001,0.235,53.01,2.3200000000000003,473.5,36.2,CPO,ST14,0.0624166666666666,0.012,53.145,0.0,2.0500000000000003,8.0,2.9,RBDPO,December 2025,12,326,1,0,0,0,0,0,0,0,0,0,0,0,1,1.6910178994265235,3.616308761279101,1.3609765531356006
2025-12-23,0.08,1.0,TK3/TK4,4.48,0.22,53.015,2.285,468.5,27.6,CPO,ST14,0.0633333333333333,0.012,53.095,0.0,1.95,8.0,3.1,RBDPO,December 2025,12,327,1,0,0,0,0,0,0,0,0,0,0,0,1,1.7011051009599243,3.353406717825807,1.410986973710262
2025-12-24,0.08,1.0,TK4,4.619999999999999,0.22,52.95,2.3099999999999996,466.0,31.9,CPO,ST14,0.064425,0.0115,53.120000000000005,0.0,1.9666666666666668,8.0,3.0,RBDPO,December 2025,12,328,1,0,0,0,0,0,0,0,0,0,0,0,1,1.7263316639055997,3.493472657771326,1.3862943611198906
2025-12-25,0.08,1.0,TK4,4.645,0.205,52.925,2.295,475.0,31.9,CPO,ST14,0.0605,0.01075,53.364999999999995,0.0,2.0083333333333333,8.0,3.1,RBDPO,December 2025,12,329,1,0,0,0,0,0,0,0,0,0,0,0,1,1.7307701976016252,3.493472657771326,1.410986973710262
2025-12-26,0.08,1.2,TK4/TK3,4.4725,0.19875000000000004,52.78833333333334,2.2825,470.0,33.4,CPO,ST15/ST14,0.0611666666666666,0.0115,53.026666666666664,0.0,2.0749999999999997,8.0,3.5,RBDPO,December 2025,12,330,1,0,0,0,0,0,0,0,0,0,0,0,1,1.699735550414881,3.5380565643793527,1.5040773967762742
2025-12-27,0.075,1.0,TK4,4.295,0.21,52.92,2.265,483.0,29.3,CPO,ST14,0.06075,0.011,53.125,0.0,1.9166666666666667,8.0,2.5,RBDPO,December 2025,12,331,1,0,0,0,0,0,0,0,0,0,0,0,1,1.6667629790533698,3.4111477125153233,1.252762968495368
2025-12-28,0.075,1.0,TK4,4.035,0.215,52.93,2.315,473.5,34.7,CPO,ST14,0.0623333333333333,0.012,53.07,0.0,1.9833333333333336,8.0,2.6,RBDPO,December 2025,12,332,1,0,0,0,0,0,0,0,0,0,0,0,1,1.6164135261705257,3.5751506887855933,1.2809338454620642
2025-12-29,0.075,1.0,TK4,4.46,0.215,52.879999999999995,2.315,474.5,33.4,CPO,ST14,0.0626666666666666,0.0115,53.05,0.0,1.9666666666666663,8.0,3.0,RBDPO,December 2025,12,333,1,0,0,0,0,0,0,0,0,0,0,0,1,1.6974487897568136,3.5380565643793527,1.3862943611198906
2025-12-30,0.075,1.0,TK4,4.28,0.22,52.91,2.3599999999999994,484.0,34.1,CPO,ST14,0.06375,0.012,53.095,0.0,1.883333333333333,8.0,3.1,RBDPO,December 2025,12,334,1,0,0,0,0,0,0,0,0,0,0,0,1,1.6639260977181702,3.55820113047182,1.410986973710262
2025-12-31,0.075,1.020833333,TK4,4.415,0.215,52.78833333333334,2.3,470.0,34.6,CPO,ST14,0.0654166666666666,0.0115,53.115,0.0,1.883333333333333,8.0,3.7,RBDPO,December 2025,12,335,1,0,0,0,0,0,0,0,0,0,0,0,1,1.689172880452954,3.572345637857985,1.547562508716013
